time_s,wz_rad_s,ax_m_s2,ay_m_s2
0.0018944740295410156,-0.0075941807147844875,-0.6105214233398437,-0.19632453613281248
0.020639419555664062,-0.002398162330984575,-0.5147533569335937,-0.2059013427734375
0.04018354415893555,-0.0075941807147844875,-0.44532150878906246,-0.2059013427734375
0.06017184257507324,-0.003464012255866608,-0.45489831542968745,-0.18914193115234373
0.08087944984436035,-0.0057289433462409285,-0.4836287353515625,-0.19153613281249998
0.10084891319274902,-0.005595712105630674,-0.4860229370117187,-0.17477672119140625
0.12050032615661621,-0.0063950995492922,-0.3184288208007812,-0.16998831787109375
0.1402907371520996,-0.004130168458917879,-0.4525041137695312,-0.201112939453125
0.16044974327087402,-0.002398162330984575,-0.4381389038085937,-0.22026655273437498
0.18061280250549316,-0.004663093421358896,-0.44532150878906246,-0.21068974609375
0.20049405097961426,-0.004929555902579405,-0.4429273071289062,-0.20350714111328125
0.22043204307556152,-0.00159877488732305,-0.4836287353515625,-0.19393033447265623
0.24046897888183594,-0.0058621745868511835,-0.5003881469726562,-0.20829554443359374
0.260469913482666,-0.0037304747370871167,-0.47165772705078124,-0.20829554443359374
0.2804858684539795,-0.0058621745868511835,-0.469263525390625,-0.21068974609375
0.300736665725708,-0.0031975497746461,-0.488417138671875,-0.17956512451171874
0.320509672164917,-0.006128637068071691,-0.603338818359375,-0.18914193115234373
0.340700626373291,-0.0003996937218307625,-0.47644613037109373,-0.2059013427734375
0.360304594039917,-0.004263399699528133,-0.49320554199218747,-0.24660277099609373
0.38057470321655273,-0.0031975497746461,-0.3591302490234375,-0.23223756103515625
0.40131402015686035,-0.0014655436467127959,-0.32561142578124996,-0.18914193115234373
0.4204859733581543,-0.005196018383799912,-0.488417138671875,-0.19153613281249998
0.440399169921875,-0.0063950995492922,-0.47165772705078124,-0.04548983154296875
0.4613027572631836,-0.0009326186842717792,-0.47644613037109373,-0.19632453613281248
0.48033571243286133,-0.002264931090374321,-0.4644751220703125,-0.16041151123046873
0.5007987022399902,-0.0074609494741742334,-0.48123453369140623,-0.1484405029296875
0.5205154418945312,-0.006261868308681946,-0.4572925170898437,-0.1771709228515625
0.5408046245574951,-0.0031975497746461,-0.47644613037109373,-0.1867477294921875
0.5603961944580078,-0.005462480865020421,-0.4333505004882812,-0.17477672119140625
0.5806558132171631,-0.0035972434964768626,-0.6081272216796875,-0.2059013427734375
0.6007311344146729,-0.0030643185340358454,-0.4740519287109375,-0.201112939453125
0.6207771301269531,-0.007061255752343471,-0.5985504150390625,-0.181959326171875
0.640812873840332,-0.005462480865020421,-0.4213794921875,-0.3064578125
0.660546064376831,-0.006928024511733216,-0.4525041137695312,-0.18435352783203124
0.6804444789886475,0.000799387443661525,-0.48123453369140623,-0.16280571289062498
0.7010476589202881,-0.002797856052815337,-0.4644751220703125,-0.19393033447265623
0.7203567028045654,-0.006661562030512709,-0.49320554199218747,-0.1867477294921875
0.740363597869873,-0.0014655436467127959,-0.4955997436523437,-0.1867477294921875
0.7605056762695312,-0.0057289433462409285,-0.316034619140625,-0.20829554443359374
0.7808301448822021,-0.004663093421358896,-0.47644613037109373,-0.19393033447265623
0.800487756729126,-0.0031975497746461,-0.469263525390625,-0.19393033447265623
0.8204421997070312,-0.002264931090374321,-0.47884033203125,-0.18914193115234373
0.8402390480041504,-0.007993874436615249,-0.44532150878906246,-0.18435352783203124
0.8605034351348877,-0.008127105677225504,-0.603338818359375,-0.2154781494140625
0.8808979988098145,-0.005196018383799912,-0.49320554199218747,-0.21068974609375
0.9006588459014893,-0.0063950995492922,-0.46686932373046874,-0.18435352783203124
0.9211640357971191,-0.006661562030512709,-0.3136404174804687,-0.22026655273437498
0.9403674602508545,-0.004929555902579405,-0.4908113403320312,-0.19153613281249998
0.9604735374450684,-0.004929555902579405,-0.47884033203125,-0.201112939453125
0.9806578159332275,-0.005462480865020421,-0.4860229370117187,-0.23223756103515625
1.0006489753723145,-0.0057289433462409285,-0.47884033203125,-0.15083470458984374
1.020650863647461,-0.007061255752343471,-0.42377369384765623,-0.18435352783203124
1.0406992435455322,-0.004396630940138387,-0.6105214233398437,-0.201112939453125
1.0604057312011719,-0.0058621745868511835,-0.612915625,-0.19632453613281248
1.0806279182434082,-0.005062787143189658,-0.4836287353515625,-0.181959326171875
1.1007702350616455,-0.006261868308681946,-0.3184288208007812,-0.17477672119140625
1.1203436851501465,-0.0074609494741742334,-0.488417138671875,-0.1867477294921875
1.1402318477630615,-0.0019984686091538122,-0.5003881469726562,-0.18435352783203124
1.1603631973266602,-0.0037304747370871167,-0.49320554199218747,-0.19632453613281248
1.1803090572357178,-0.004263399699528133,-0.47884033203125,-0.2059013427734375
1.2007594108581543,-0.006794793271122962,-0.46208092041015625,-0.1867477294921875
1.2205636501312256,-0.006128637068071691,-0.4429273071289062,-0.201112939453125
1.2404701709747314,-0.0074609494741742334,-0.507570751953125,-0.16519991455078123
1.2615909576416016,-0.008127105677225504,-0.488417138671875,-0.17956512451171874
1.2802002429962158,-0.003464012255866608,-0.488417138671875,-0.18435352783203124
1.3006865978240967,-0.006128637068071691,-0.46686932373046874,-0.19632453613281248
1.3209517002105713,-0.006794793271122962,-0.48123453369140623,-0.1867477294921875
1.3402423858642578,-0.004529862180748642,-0.4860229370117187,-0.1867477294921875
1.360718011856079,-0.0031975497746461,-0.612915625,-0.19153613281249998
1.3805153369903564,-0.002264931090374321,-0.4525041137695312,-0.22266075439453123
1.4008135795593262,-0.005329249624410167,-0.488417138671875,-0.239420166015625
1.420663833618164,-0.002398162330984575,-0.49320554199218747,-0.17477672119140625
1.440136194229126,-0.005329249624410167,-0.4740519287109375,-0.19153613281249998
1.460247278213501,-0.0074609494741742334,-0.47884033203125,-0.16041151123046873
1.480785608291626,-0.004396630940138387,-0.48123453369140623,-0.19393033447265623
1.5013072490692139,-0.006928024511733216,-0.47165772705078124,-0.18914193115234373
1.5206694602966309,-0.005062787143189658,-0.4955997436523437,-0.2059013427734375
1.540287733078003,-0.005329249624410167,-0.488417138671875,-0.19632453613281248
1.5604538917541504,-0.006661562030512709,-0.4908113403320312,-0.17238251953125
1.5804388523101807,-0.001732006127933304,-0.4955997436523437,-0.19393033447265623
1.6007921695709229,-0.006128637068071691,-0.47165772705078124,-0.16759411621093748
1.6203312873840332,-0.005062787143189658,-0.46686932373046874,-0.19153613281249998
1.6405541896820068,-0.005595712105630674,-0.4429273071289062,-0.16998831787109375
1.6608312129974365,-0.0035972434964768626,-0.469263525390625,-0.16998831787109375
1.6806390285491943,-0.0030643185340358454,-0.469263525390625,-0.17956512451171874
1.7007372379302979,-0.003464012255866608,-0.469263525390625,-0.1484405029296875
1.7204968929290771,-0.008260336917835759,-0.45968671875,-0.17477672119140625
1.7405881881713867,-0.0058621745868511835,-0.4644751220703125,-0.19871873779296872
1.7603058815002441,-0.007194486992953725,-0.46208092041015625,-0.20350714111328125
1.7802774906158447,0.0005329249624410166,-0.4908113403320312,-0.16041151123046873
1.8003323078155518,-0.0063950995492922,-0.32561142578124996,-0.201112939453125
1.8201003074645996,-0.004130168458917879,-0.34237083740234375,-0.22505495605468748
1.8405134677886963,-0.005062787143189658,-0.59376201171875,-0.17956512451171874
1.8603157997131348,-0.0075941807147844875,-0.49320554199218747,-0.19153613281249998
1.880218505859375,-0.0039969372183076245,-0.4644751220703125,-0.19871873779296872
1.9006998538970947,-0.005462480865020421,-0.40462008056640625,-0.2154781494140625
1.9203031063079834,-0.002264931090374321,-0.4572925170898437,-0.17238251953125
1.940397024154663,-0.0031975497746461,-0.49320554199218747,-0.19632453613281248
1.9604244232177734,-0.002531393571594829,-0.46686932373046874,-0.20350714111328125
1.9804904460906982,-0.009459418083328047,-0.469263525390625,-0.2154781494140625
2.0011003017425537,-0.006528330789902454,-0.4429273071289062,-0.21068974609375
2.0203897953033447,-0.005062787143189658,-0.5051765502929687,-0.14125789794921875
2.040386915206909,-0.005995405827461438,-0.47644613037109373,-0.22266075439453123
2.060532808303833,-0.004130168458917879,-0.4908113403320312,-0.22505495605468748
2.0802700519561768,-0.0039969372183076245,-0.612915625,-0.181959326171875
2.100721597671509,-0.0063950995492922,-0.32082302246093747,-0.19153613281249998
2.1207826137542725,-0.004929555902579405,-0.46208092041015625,-0.29927520751953124
2.1403892040252686,-0.00479632466196915,-0.4644751220703125,-0.18435352783203124
2.1608312129974365,-0.005329249624410167,-0.4572925170898437,-0.18435352783203124
2.1803653240203857,-0.0037304747370871167,-0.44053310546874996,-0.16759411621093748
2.200356960296631,-0.005062787143189658,-0.48123453369140623,-0.22266075439453123
2.2203986644744873,-0.004529862180748642,-0.3184288208007812,-0.1771709228515625
2.2414164543151855,-0.006261868308681946,-0.49799394531249996,-0.16759411621093748
2.2602779865264893,-0.0031975497746461,-0.47884033203125,-0.19871873779296872
2.2803897857666016,-0.0073277182335639785,-0.45968671875,-0.181959326171875
2.301109790802002,-0.0057289433462409285,-0.47884033203125,-0.181959326171875
2.3204562664031982,-0.0057289433462409285,-0.3136404174804687,-0.16759411621093748
2.3402631282806396,-0.006661562030512709,-0.3232172241210937,-0.19153613281249998
2.3604071140289307,-0.005062787143189658,-0.4644751220703125,-0.19393033447265623
2.380201578140259,-0.005595712105630674,-0.48123453369140623,-0.19632453613281248
2.401265859603882,-0.007727411955394742,-0.4429273071289062,-0.19632453613281248
2.4204652309417725,-0.004130168458917879,-0.4525041137695312,-0.2059013427734375
2.4403514862060547,-0.006528330789902454,-0.4572925170898437,-0.19393033447265623
2.4603826999664307,-0.005329249624410167,-0.47884033203125,-0.12449848632812499
2.4803786277770996,-0.006528330789902454,-0.47644613037109373,-0.181959326171875
2.5007002353668213,-0.0037304747370871167,-0.45968671875,-0.1867477294921875
2.5202081203460693,-0.004396630940138387,-0.5099649536132812,-0.229843359375
2.5403735637664795,-0.0073277182335639785,-0.4860229370117187,-0.2154781494140625
2.5603692531585693,-0.006794793271122962,-0.46208092041015625,-0.16519991455078123
2.5803864002227783,-0.005595712105630674,-0.612915625,-0.16759411621093748
2.600489854812622,-0.006261868308681946,-0.469263525390625,-0.2154781494140625
2.620399236679077,-0.0057289433462409285,-0.4860229370117187,-0.18435352783203124
2.6401236057281494,-0.005995405827461438,-0.4644751220703125,-0.17956512451171874
2.6602509021759033,-0.005196018383799912,-0.47644613037109373,-0.17956512451171874
2.680205821990967,-0.004263399699528133,-0.46208092041015625,-0.17956512451171874
2.7006378173828125,-0.004396630940138387,-0.4644751220703125,-0.2154781494140625
2.7201995849609375,-0.004663093421358896,-0.45010991210937495,-0.16759411621093748
2.740206480026245,-0.005329249624410167,-0.4572925170898437,-0.17956512451171874
2.760032892227173,-0.007727411955394742,-0.45489831542968745,-0.18914193115234373
2.7799837589263916,-0.0033307810152563544,-0.4908113403320312,-0.21308394775390624
2.799933671951294,-0.008793261880276773,-0.45968671875,-0.19871873779296872
2.8197972774505615,-0.01185758041431262,-0.4261678955078125,-0.19393033447265623
2.840095043182373,-0.005995405827461438,-0.3232172241210937,-0.17477672119140625
2.8602328300476074,-0.006928024511733216,-0.45489831542968745,-0.16280571289062498
2.880312442779541,-0.0058621745868511835,-0.46208092041015625,-0.2154781494140625
2.9007725715637207,-0.0035972434964768626,-0.49799394531249996,-0.21787235107421873
2.9203240871429443,-0.002797856052815337,-0.42377369384765623,-0.19632453613281248
2.9403343200683594,-0.004130168458917879,-0.49320554199218747,-0.21308394775390624
2.9602718353271484,-0.0018652373685435584,-0.44532150878906246,-0.17956512451171874
2.980294942855835,-0.006528330789902454,-0.46686932373046874,-0.1771709228515625
3.000371217727661,-0.004929555902579405,-0.48123453369140623,-0.17477672119140625
3.0206408500671387,-0.007061255752343471,-0.46208092041015625,-0.229843359375
3.040257453918457,-0.005196018383799912,-0.6057330200195312,-0.17956512451171874
3.0602920055389404,-0.004130168458917879,-0.59376201171875,-0.1771709228515625
3.100886583328247,-0.005196018383799912,-0.5123591552734374,-0.21068974609375
3.1109859943389893,-0.004529862180748642,-0.488417138671875,-0.19632453613281248
3.120561361312866,-0.0037304747370871167,-0.4860229370117187,-0.22026655273437498
3.141833782196045,-0.008526799399056265,-0.5219359619140624,-0.19871873779296872
3.1608335971832275,-0.004929555902579405,-0.49320554199218747,-0.2346317626953125
3.1803669929504395,-0.007061255752343471,-0.48123453369140623,-0.18435352783203124
3.201284170150757,-0.009059724361497283,-0.4572925170898437,-0.20829554443359374
3.2206482887268066,-0.0026646248122050836,-0.46686932373046874,-0.17956512451171874
3.2404990196228027,-0.0057289433462409285,-0.4644751220703125,-0.17477672119140625
3.261234760284424,-0.006661562030512709,-0.44532150878906246,-0.16998831787109375
3.2801694869995117,-0.0039969372183076245,-0.4740519287109375,-0.19153613281249998
3.3003931045532227,-0.00159877488732305,-0.4644751220703125,-0.21308394775390624
3.32037353515625,-0.004929555902579405,-0.4429273071289062,-0.17477672119140625
3.3405089378356934,-0.005329249624410167,-0.4525041137695312,-0.19153613281249998
3.3608481884002686,-0.0031975497746461,-0.5027823486328125,-0.2920926025390625
3.3802237510681152,-0.007194486992953725,-0.488417138671875,-0.18914193115234373
3.4011197090148926,-0.002531393571594829,-0.32082302246093747,-0.21308394775390624
3.4209465980529785,-0.00479632466196915,-0.4955997436523437,-0.1771709228515625
3.4407827854156494,-0.004263399699528133,-0.44053310546874996,-0.14125789794921875
3.4609153270721436,-0.007061255752343471,-0.48123453369140623,-0.16998831787109375
3.480693817138672,-0.005995405827461438,-0.47165772705078124,-0.19393033447265623
3.5009617805480957,-0.0030643185340358454,-0.4525041137695312,-0.22505495605468748
3.520987033843994,-0.006128637068071691,-0.46686932373046874,-0.16998831787109375
3.5410208702087402,-0.0058621745868511835,-0.46208092041015625,-0.18435352783203124
3.560762882232666,-0.005595712105630674,-0.4525041137695312,-0.17477672119140625
3.5806992053985596,-0.004663093421358896,-0.47884033203125,-0.20350714111328125
3.6003048419952393,-0.0021316998497640663,-0.4836287353515625,-0.20829554443359374
3.620905637741089,-0.004396630940138387,-0.4836287353515625,-0.19393033447265623
3.6403555870056152,-0.0035972434964768626,-0.49799394531249996,-0.19393033447265623
3.660693883895874,-0.006261868308681946,-0.47165772705078124,-0.17238251953125
3.680312156677246,-0.0026646248122050836,-0.4333505004882812,-0.2059013427734375
3.7002294063568115,-0.006261868308681946,-0.45010991210937495,-0.20350714111328125
3.7203407287597656,-0.0063950995492922,-0.4908113403320312,-0.21787235107421873
3.7402267456054688,-0.007194486992953725,-0.3136404174804687,-0.21068974609375
3.7601144313812256,-0.008793261880276773,-0.4381389038085937,-0.16998831787109375
3.780088424682617,-0.0013323124061025418,-0.4477157104492187,-0.19153613281249998
3.79988956451416,-0.0031975497746461,-0.488417138671875,-0.20350714111328125
3.820352077484131,-0.004396630940138387,-0.4429273071289062,-0.21308394775390624
3.84010910987854,-0.0031975497746461,-0.49320554199218747,-0.201112939453125
3.860262393951416,-0.0063950995492922,-0.4740519287109375,-0.18914193115234373
3.8801023960113525,-0.0030643185340358454,-0.5099649536132812,-0.19153613281249998
3.900681734085083,-0.0030643185340358454,-0.47165772705078124,-0.1771709228515625
3.920401096343994,-0.0057289433462409285,-0.48123453369140623,-0.21068974609375
3.940250873565674,-0.010125574286379316,-0.47884033203125,-0.16519991455078123
3.9603166580200195,-0.002797856052815337,-0.48123453369140623,-0.20350714111328125
3.98016619682312,-0.0058621745868511835,-0.4740519287109375,-0.181959326171875
4.0003342628479,-0.0039969372183076245,-0.33518823242187495,-0.19153613281249998
4.020437479019165,-0.005462480865020421,-0.5267243652343749,-0.16998831787109375
4.040468215942383,-0.0058621745868511835,-0.3399766357421875,-0.19632453613281248
4.059920072555542,-0.004929555902579405,-0.4740519287109375,-0.20829554443359374
4.08027195930481,-0.003863705977697371,-0.47165772705078124,-0.229843359375
4.100097179412842,-0.008793261880276773,-0.4908113403320312,-0.20350714111328125
4.12022066116333,-0.005595712105630674,-0.49320554199218747,-0.16519991455078123
4.1404640674591064,-0.005995405827461438,-0.51714755859375,-0.18435352783203124
4.159987926483154,-0.005595712105630674,-0.45010991210937495,-0.21308394775390624
4.180117845535278,-0.007194486992953725,-0.44532150878906246,-0.19393033447265623
4.200253963470459,-0.004663093421358896,-0.612915625,-0.17477672119140625
4.220239639282227,-0.0074609494741742334,-0.5195417602539062,-0.1771709228515625
4.240230083465576,-0.004130168458917879,-0.469263525390625,-0.19871873779296872
4.260411977767944,-0.006794793271122962,-0.4285620971679687,-0.19153613281249998
4.2800891399383545,-0.007194486992953725,-0.603338818359375,-0.19393033447265623
4.300047159194946,-0.005462480865020421,-0.5027823486328125,-0.19871873779296872
4.320394515991211,-0.007727411955394742,-0.4381389038085937,-0.24660277099609373
4.3405420780181885,-0.0073277182335639785,-0.46208092041015625,-0.17477672119140625
4.3600428104400635,-0.005196018383799912,-0.4333505004882812,-0.21787235107421873
4.380103349685669,-0.005196018383799912,-0.45968671875,-0.19871873779296872
4.399966716766357,-0.008926493120887028,-0.47884033203125,-0.22026655273437498
4.420268535614014,-0.005995405827461438,-0.32561142578124996,-0.20829554443359374
4.4403979778289795,-0.002797856052815337,-0.4860229370117187,-0.181959326171875
4.4600841999053955,-0.006928024511733216,-0.469263525390625,-0.21308394775390624
4.480157852172852,-0.0031975497746461,-0.46686932373046874,-0.17956512451171874
4.500564336776733,-0.0073277182335639785,-0.45489831542968745,-0.17477672119140625
4.520601987838745,-0.006261868308681946,-0.4860229370117187,-0.16998831787109375
4.540233850479126,-0.005196018383799912,-0.4740519287109375,-0.19153613281249998
4.562069416046143,-0.007194486992953725,-0.4860229370117187,-0.20829554443359374
4.580647230148315,-0.010258805526989571,-0.4955997436523437,-0.1867477294921875
4.600403547286987,-0.007061255752343471,-0.44532150878906246,-0.18914193115234373
4.620733976364136,-0.005462480865020421,-0.46686932373046874,-0.18435352783203124
4.6406145095825195,-0.004130168458917879,-0.5985504150390625,-0.19871873779296872
4.660613775253296,-0.005462480865020421,-0.4955997436523437,-0.20829554443359374
4.6803131103515625,-0.006528330789902454,-0.30885201416015623,-0.23702596435546874
4.70046854019165,-0.0013323124061025418,-0.32561142578124996,-0.20829554443359374
4.720660209655762,-0.006794793271122962,-0.47884033203125,-0.2059013427734375
4.74030613899231,-0.005462480865020421,-0.4572925170898437,-0.16519991455078123
4.760474443435669,-0.004663093421358896,-0.47884033203125,-0.181959326171875
4.780302286148071,-0.006661562030512709,-0.469263525390625,-0.18914193115234373
4.800417184829712,-0.0039969372183076245,-0.47884033203125,-0.21787235107421873
4.82062840461731,-0.004929555902579405,-0.4860229370117187,-0.18914193115234373
4.840705394744873,-0.005995405827461438,-0.45010991210937495,-0.22744915771484372
4.8608238697052,-0.0033307810152563544,-0.45489831542968745,-0.18435352783203124
4.880588531494141,-0.005329249624410167,-0.46686932373046874,-0.21787235107421873
4.900182247161865,-0.005462480865020421,-0.48123453369140623,-0.1867477294921875
4.920655250549316,-0.006928024511733216,-0.4740519287109375,-0.17238251953125
4.940464019775391,-0.00159877488732305,-0.4955997436523437,-0.16280571289062498
4.960777044296265,-0.0074609494741742334,-0.46686932373046874,-0.17956512451171874
4.980391263961792,-0.006928024511733216,-0.4740519287109375,-0.16998831787109375
5.000449180603027,-0.007860643196004996,-0.3184288208007812,-0.18435352783203124
5.020621299743652,-0.005995405827461438,-0.46686932373046874,-0.16280571289062498
5.040388107299805,-0.007727411955394742,-0.47165772705078124,-0.19871873779296872
5.060626268386841,-0.0058621745868511835,-0.46686932373046874,-0.19393033447265623
5.0807788372039795,-0.005329249624410167,-0.4381389038085937,-0.19153613281249998
5.100365400314331,-0.005462480865020421,-0.4836287353515625,-0.20350714111328125
5.1207594871521,-0.0031975497746461,-0.3136404174804687,-0.18435352783203124
5.140522480010986,-0.0035972434964768626,-0.48123453369140623,-0.19632453613281248
5.16070294380188,-0.0057289433462409285,-0.6105214233398437,-0.2154781494140625
5.180778980255127,-0.005595712105630674,-0.4836287353515625,-0.23223756103515625
5.2001707553863525,-0.007061255752343471,-0.46686932373046874,-0.17238251953125
5.2209389209747314,-0.0035972434964768626,-0.4644751220703125,-0.22505495605468748
5.240396499633789,-0.003863705977697371,-0.49320554199218747,-0.21787235107421873
5.260220289230347,-0.0018652373685435584,-0.4381389038085937,-0.1771709228515625
5.280205726623535,-0.005329249624410167,-0.49799394531249996,-0.19153613281249998
5.300102710723877,-0.004529862180748642,-0.49320554199218747,-0.2059013427734375
5.320842981338501,-0.0030643185340358454,-0.4740519287109375,-0.19153613281249998
5.340166807174683,-0.009725880564548555,-0.45010991210937495,-0.18435352783203124
5.36040997505188,-0.0334410413931738,-0.4525041137695312,-0.2059013427734375
5.3802573680877686,-0.005329249624410167,-0.47644613037109373,-0.20829554443359374
5.400310039520264,-0.005062787143189658,-0.47884033203125,-0.181959326171875
5.420669317245483,-0.0002664624812205083,-0.4860229370117187,-0.19153613281249998
5.4402995109558105,-0.004263399699528133,-0.4525041137695312,-0.19632453613281248
5.460330009460449,-0.004396630940138387,-0.6009446166992187,-0.14604630126953125
5.480136871337891,-0.007993874436615249,-0.4955997436523437,-0.17238251953125
5.500323295593262,-0.00479632466196915,-0.45489831542968745,-0.19153613281249998
5.520494222640991,-0.0039969372183076245,-0.47644613037109373,-0.181959326171875
5.540329694747925,-0.005329249624410167,-0.47884033203125,-0.18914193115234373
5.560320615768433,-0.0031975497746461,-0.469263525390625,-0.201112939453125
5.581771373748779,-0.0074609494741742334,-0.47165772705078124,-0.20829554443359374
5.600693702697754,-0.0039969372183076245,-0.4740519287109375,-0.2154781494140625
5.620686292648315,-0.0029310872934255917,-0.45489831542968745,-0.20829554443359374
5.640224456787109,-0.0031975497746461,-0.45489831542968745,-0.16998831787109375
5.660229444503784,-0.0057289433462409285,-0.488417138671875,-0.18914193115234373
5.680553197860718,0.00013323124061025415,-0.33758243408203126,-0.19393033447265623
5.700481653213501,-0.00479632466196915,-0.6105214233398437,-0.19632453613281248
5.720656871795654,-0.005329249624410167,-0.488417138671875,-0.19632453613281248
5.740413188934326,-0.008260336917835759,-0.612915625,-0.18914193115234373
5.760431289672852,-0.0058621745868511835,-0.3232172241210937,-0.18435352783203124
5.780270338058472,-0.002264931090374321,-0.45489831542968745,-0.2154781494140625
5.8002331256866455,-0.006528330789902454,-0.49320554199218747,-0.1867477294921875
5.820605516433716,-0.004130168458917879,-0.48123453369140623,-0.1867477294921875
5.840511798858643,-0.004396630940138387,-0.48123453369140623,-0.1771709228515625
5.86026406288147,-0.002531393571594829,-0.45010991210937495,-0.22744915771484372
5.880148410797119,-0.004263399699528133,-0.48123453369140623,-0.181959326171875
5.900178670883179,-0.0037304747370871167,-0.47644613037109373,-0.19393033447265623
5.920323610305786,-0.0057289433462409285,-0.4740519287109375,-0.1580173095703125
5.940141201019287,-0.005329249624410167,-0.5051765502929687,-0.20350714111328125
5.9601662158966064,-0.0058621745868511835,-0.47165772705078124,-0.17477672119140625
5.980414867401123,-0.004529862180748642,-0.49799394531249996,-0.17956512451171874
6.000152826309204,-0.005595712105630674,-0.6081272216796875,-0.16998831787109375
6.0203633308410645,-0.004396630940138387,-0.4644751220703125,-0.19632453613281248
6.040283679962158,-0.0033307810152563544,-0.45010991210937495,-0.19871873779296872
6.060261964797974,-0.0035972434964768626,-0.47644613037109373,-0.17238251953125
6.080319881439209,-0.0039969372183076245,-0.46208092041015625,-0.2059013427734375
6.100191354751587,-0.0019984686091538122,-0.44532150878906246,-0.22505495605468748
6.120387315750122,0.03384073511500456,-0.4261678955078125,-0.16041151123046873
6.1402504444122314,-0.006794793271122962,-0.6105214233398437,-0.17956512451171874
6.160155534744263,-0.004529862180748642,-0.6105214233398437,-0.201112939453125
6.180012464523315,-0.002797856052815337,-0.47165772705078124,-0.18914193115234373
6.2000205516815186,-0.004396630940138387,-0.5985504150390625,-0.18914193115234373
6.220543622970581,-0.0039969372183076245,-0.4860229370117187,-0.181959326171875
6.240153789520264,-0.0018652373685435584,-0.3112462158203125,-0.16759411621093748
6.26036810874939,-0.0073277182335639785,-0.47884033203125,-0.22744915771484372
6.280175685882568,-0.0035972434964768626,-0.45968671875,-0.22505495605468748
6.3003034591674805,-0.004396630940138387,-0.488417138671875,-0.1771709228515625
6.320791244506836,-0.005462480865020421,-0.46208092041015625,-0.18914193115234373
6.340300559997559,-0.005462480865020421,-0.47165772705078124,-0.21308394775390624
6.360525369644165,-0.0058621745868511835,-0.45968671875,-0.2059013427734375
6.380220651626587,-0.0035972434964768626,-0.488417138671875,-0.19871873779296872
6.400371551513672,-0.003863705977697371,-0.3136404174804687,-0.19153613281249998
6.420293807983398,-0.006261868308681946,-0.4908113403320312,-0.19393033447265623
6.440091848373413,-0.007860643196004996,-0.4525041137695312,-0.201112939453125
6.4601287841796875,-0.028911179212425153,-0.3112462158203125,0.028730419921875
6.4800848960876465,-0.045032159326265905,-0.30885201416015623,-0.07422025146484375
6.500114440917969,-0.0860673814342242,-0.43574470214843747,0.21068974609375
6.520420551300049,-0.13309800936964392,-0.28969840087890625,0.22505495605468748
6.5402727127075195,-0.16827105689075103,-0.3280056274414062,0.603338818359375
6.560309410095215,-0.18905513042595065,-0.8714894042968749,0.21308394775390624
6.5804619789123535,-0.20397702937429912,-0.6967126831054687,-0.06464344482421874
6.600250482559204,-0.20890658527687853,-0.7278373046875,-0.28969840087890625
6.620620250701904,-0.18785604926045837,-0.4429273071289062,-0.6679822631835937
6.640197515487671,-0.1572128639200999,-0.5147533569335937,-0.5291185668945312
6.660458326339722,-0.12790199098584398,-0.19153613281249998,-0.5458779785156249
6.680047988891602,-0.12190658515838257,-0.55545478515625,-0.41419688720703124
6.700092077255249,-0.1133797857593263,-0.23223756103515625,-0.033518823242187495
6.720458984375,-0.11937519158678774,-0.5363011718749999,-0.3064578125
6.740073919296265,-0.14682082715250008,-0.5003881469726562,0.17477672119140625
6.760194301605225,-0.1746661564400432,-0.4213794921875,0.1292868896484375
6.780158281326294,-0.20624196046467347,-0.6536170532226562,-0.086191259765625
6.800147294998169,-0.2147687598637297,-0.3591302490234375,0.00239420166015625
6.8204686641693115,-0.20597549798345294,-0.689530078125,-0.28730419921875
6.8401198387146,-0.1955834612158531,-0.33758243408203126,-0.3136404174804687
6.860210657119751,-0.1842588057639815,-0.6919242797851562,-0.3950432739257812
6.880145788192749,-0.15494793282972558,-0.40462008056640625,-0.5410895751953124
6.9001030921936035,-0.1377611027910028,-0.6751648681640625,-0.21787235107421873
6.92026686668396,-0.12004134778983899,-0.45968671875,-0.41419688720703124
6.940032005310059,-0.1220398163989928,-0.7062894897460937,-0.21308394775390624
6.96033787727356,-0.13003369083560806,-0.239420166015625,0.0047884033203125
6.980342149734497,-0.14522205226517704,-0.5626373901367188,-0.13646949462890623
7.000365734100342,-0.1674716694470895,-0.5458779785156249,-0.05746083984375
7.020381450653076,-0.18852220546350965,-0.5195417602539062,0.181959326171875
7.040342092514038,-0.1955834612158531,-0.2825157958984375,-0.1149216796875
7.060271739959717,-0.1866569680949661,-0.45968671875,-0.3758896606445312
7.0802083015441895,-0.1805283310268944,-0.6631938598632812,-0.33758243408203126
7.100327014923096,-0.16520673835671518,-0.3112462158203125,-0.32561142578124996
7.120451927185059,-0.15494793282972558,-0.5961562133789062,-0.4261678955078125
7.140356063842773,-0.14189127124992068,-0.3711012573242187,-0.3327940307617187
7.160345077514648,-0.1337641655726952,-0.9145850341796874,-0.16519991455078123
7.180126190185547,-0.13549617170062847,-0.43574470214843747,-0.24181436767578124
7.2003679275512695,-0.15561408903277688,-0.679953271484375,-0.0909796630859375
7.220452070236206,-0.1365620216255105,-0.18914193115234373,0.031124621582031248
7.240265369415283,-0.17186830038722786,-0.38786066894531246,-0.13407529296874998
7.261286497116089,-0.17719755001163803,-0.3495534423828125,-0.2657563842773437
7.280096054077148,-0.18119448722994566,-0.5123591552734374,-0.181959326171875
7.300124645233154,-0.18878866794473015,-0.4740519287109375,-0.239420166015625
7.320950269699097,-0.18372588080154048,-0.44532150878906246,-0.296881005859375
7.340673208236694,-0.1833261870797097,-0.47165772705078124,-0.26815058593749996
7.360406160354614,-0.16094333865718705,-0.4165910888671875,-0.4213794921875
7.380307197570801,-0.16707197572525873,-0.9504980590820312,-0.3327940307617187
7.400398254394531,-0.15481470158911534,-0.6440402465820312,-0.25139117431640623
7.4204816818237305,-0.14855283328043337,-0.3327940307617187,-0.1771709228515625
7.4401655197143555,-0.1476202145961616,-0.6105214233398437,-0.22026655273437498
7.460134267807007,-0.15361562042362306,-0.8858546142578124,0.062249243164062495
7.480066299438477,-0.1554808577921666,-0.22505495605468748,0.0
7.500399827957153,-0.15761255764193066,-0.2657563842773437,0.21308394775390624
7.520455837249756,-0.16227565106328956,-0.18435352783203124,-0.03591302490234375
7.5404276847839355,-0.17826339993652007,-0.6392518432617187,-0.24660277099609373
7.560211181640625,-0.17346707527455094,-0.22505495605468748,-0.29927520751953124
7.580146074295044,-0.16267534478512033,-0.6823474731445313,-0.29448680419921874
7.600982666015625,-0.16533996959732541,-0.9002198242187499,-0.040701428222656245
7.620560646057129,-0.16760490068769973,-0.8451531860351562,-0.16280571289062498
7.640748023986816,-0.1769310875304175,-0.9097966308593749,-0.17238251953125
7.660390377044678,-0.15974425749169474,-0.5315127685546874,-0.016759411621093748
7.680628061294556,-0.16320826974756136,-0.4381389038085937,-0.24181436767578124
7.700175046920776,-0.1662725882815972,-0.36631285400390623,-0.4381389038085937
7.720557689666748,-0.1842588057639815,-0.5602431884765625,-0.028730419921875
7.740041971206665,-0.17626493132736626,-0.46208092041015625,-0.258573779296875
7.760143280029297,-0.16840428813136127,-0.5195417602539062,-0.4261678955078125
7.780142307281494,-0.16760490068769973,-0.42377369384765623,-0.3280056274414062
7.800236463546753,-0.2046431855773504,-0.70868369140625,-0.22026655273437498
7.820437908172607,-0.1709356817029561,-0.4213794921875,-0.258573779296875
7.840251922607422,-0.16267534478512033,-0.5339069702148437,-0.2561795776367187
7.86091423034668,-0.15388208290484356,-0.46686932373046874,-0.29927520751953124
7.8801047801971436,-0.1537488516642333,-0.5578489868164063,-0.316034619140625
7.900495529174805,-0.16533996959732541,-0.3806780639648437,-0.20350714111328125
7.9207024574279785,-0.16347473222878187,-0.5674257934570313,-0.1388636962890625
7.9403839111328125,-0.16267534478512033,-0.38786066894531246,0.2753331909179687
7.960097312927246,-0.16094333865718705,-0.45010991210937495,-0.3232172241210937
7.9801695346832275,-0.17280091907149964,-0.6177040283203125,-0.20829554443359374
8.000278949737549,-0.16467381339427414,-0.45968671875,-0.35673604736328124
8.020440578460693,-0.16027718245413575,-0.507570751953125,-0.354341845703125
8.04057502746582,-0.15015160816775644,-0.3854664672851562,-0.277727392578125
8.060538530349731,-0.15534762655155634,-0.8020575561523438,-0.16998831787109375
8.08070683479309,-0.15494793282972558,-0.28012159423828126,-0.13168109130859373
8.100369215011597,-0.1557473202733871,-0.5291185668945312,-0.16519991455078123
8.12049388885498,-0.1697366005374638,-0.6057330200195312,-0.2920926025390625
8.140185117721558,-0.1680045944095305,-0.6177040283203125,-0.22505495605468748
8.160319089889526,-0.17573200636492525,-0.33039982910156246,-0.32561142578124996
8.180175304412842,-0.16240888230389983,-0.49799394531249996,-0.2609679809570312
8.200210809707642,-0.1662725882815972,-0.5003881469726562,-0.23702596435546874
8.220830917358398,-0.16467381339427414,-0.4644751220703125,-0.21787235107421873
8.240518569946289,-0.1737335377557714,-0.6727706665039062,-0.12210428466796874
8.261518001556396,-0.15921133252925374,-0.5698199951171875,-0.29448680419921874
8.280726194381714,-0.16733843820647926,-0.6440402465820312,-0.1867477294921875
8.300549507141113,-0.16613935704098695,-0.29927520751953124,-0.18914193115234373
8.32059383392334,-0.1724012253496689,-0.7350199096679687,-0.18435352783203124
8.340242385864258,-0.1692036755750228,-0.3902548706054687,-0.23702596435546874
8.36033034324646,-0.1692036755750228,-0.679953271484375,-0.21068974609375
8.380672693252563,-0.17066921922173559,-0.2537853759765625,-0.16280571289062498
8.400303840637207,-0.17839663117713034,-0.7445967163085937,-0.30406361083984373
8.420826196670532,-0.1787963248989611,-0.32082302246093747,-0.29927520751953124
8.440425395965576,-0.16107656989779728,-0.5410895751953124,-0.24899697265624998
8.460633039474487,-0.1529494642205718,-0.4333505004882812,-0.3112462158203125
8.480117559432983,-0.1433568148966335,-0.5267243652343749,-0.36631285400390623
8.500264406204224,-0.14575497722761804,-0.47644613037109373,-0.17477672119140625
8.520698308944702,-0.1337641655726952,-0.4429273071289062,-0.239420166015625
8.540152788162231,-0.143623277377854,-0.5123591552734374,-0.1149216796875
8.560176372528076,-0.1520168455363,-0.42377369384765623,-0.13168109130859373
8.580095052719116,-0.1669387444846485,-0.6416460449218749,-0.18435352783203124
8.600123882293701,-0.13669525286612078,-0.29927520751953124,-0.11731588134765625
8.620428562164307,-0.17719755001163803,-0.699106884765625,-0.35194764404296874
8.640186786651611,-0.17306738155272017,-0.33039982910156246,-0.2154781494140625
8.660838603973389,-0.17386676899638168,-0.6584054565429687,-0.19153613281249998
8.680363893508911,-0.16640581952220743,-0.1867477294921875,-0.18435352783203124
8.700033903121948,-0.15614701399521788,-0.63206923828125,-0.20829554443359374
8.720409870147705,-0.1692036755750228,-0.5674257934570313,-0.27293898925781246
8.740063428878784,-0.16187595734145882,-0.4213794921875,-0.13407529296874998
8.760199785232544,-0.17013629425929458,-0.5698199951171875,-0.18435352783203124
8.78027057647705,-0.15361562042362306,-0.411802685546875,-0.2346317626953125
8.80008053779602,-0.16227565106328956,-0.6560112548828124,-0.19871873779296872
8.820698261260986,-0.16094333865718705,-0.28730419921875,-0.33758243408203126
8.840386629104614,-0.17426646271821244,-0.814028564453125,-0.15083470458984374
8.860682249069214,-0.16813782565014074,-0.40222587890625,-0.296881005859375
8.8805251121521,-0.1674716694470895,-0.622492431640625,-0.24181436767578124
8.900060415267944,-0.16387442595061263,-0.41419688720703124,-0.27293898925781246
8.920529842376709,-0.1709356817029561,-0.7541735229492187,-0.22505495605468748
8.940308809280396,-0.13669525286612078,-0.18914193115234373,-0.201112939453125
8.960153579711914,-0.1633415009881716,-0.5458779785156249,-0.0909796630859375
8.980338335037231,-0.15694640143887942,-0.5051765502929687,-0.0526724365234375
9.000099658966064,-0.15628024523582812,-0.5315127685546874,-0.17477672119140625
9.020712852478027,-0.1578790201231512,-0.5602431884765625,-0.20829554443359374
9.04010272026062,-0.1394931089189361,-0.3232172241210937,-0.21308394775390624
9.060218334197998,-0.13669525286612078,-0.5339069702148437,-0.2657563842773437
9.080275058746338,-0.1456217459870078,-0.4261678955078125,-0.09576806640624999
9.100188493728638,-0.1589448700480332,-0.6440402465820312,-0.05746083984375
9.120603799819946,-0.16520673835671518,-0.3591302490234375,-0.18914193115234373
9.14012098312378,-0.16760490068769973,-0.7613561279296874,-0.05746083984375
9.16019344329834,-0.1758652376055355,-0.3447650390625,-0.23223756103515625
9.180211782455444,-0.17826339993652007,-0.6272808349609375,-0.181959326171875
9.200157165527344,-0.17986217482384312,-0.43574470214843747,-0.28012159423828126
9.220778465270996,-0.17519908140248425,-0.5889736083984375,-0.22266075439453123
9.24030327796936,-0.1692036755750228,-0.36391865234375,-0.2442085693359375
9.261516094207764,-0.16587289455976642,-0.44053310546874996,-0.2561795776367187
9.280336856842041,-0.17280091907149964,-0.5530605834960938,-0.3136404174804687
9.300506353378296,-0.15921133252925374,-0.28490999755859375,-0.17956512451171874
9.320398807525635,-0.16347473222878187,-0.5458779785156249,-0.1484405029296875
9.340354204177856,-0.15987748873230498,-0.16519991455078123,-0.23702596435546874
9.360344886779785,-0.16094333865718705,-0.51714755859375,-0.16998831787109375
9.380218505859375,-0.16600612580037669,-0.239420166015625,-0.32561142578124996
9.400198459625244,-0.16094333865718705,-0.5219359619140624,-0.13168109130859373
9.420654773712158,-0.15654670771704865,-0.45968671875,-0.34237083740234375
9.440248727798462,-0.1590781012886435,-0.6464344482421874,-0.17238251953125
9.460445642471313,-0.15588055151399735,-0.354341845703125,-0.2920926025390625
9.480375289916992,-0.14961868320531543,-0.6296750366210937,-0.1292868896484375
9.500264167785645,-0.1500183769271462,-0.4165910888671875,-0.26336218261718747
9.520678997039795,-0.16120980113840752,-0.6943184814453125,-0.16280571289062498
9.540061950683594,-0.1628085760257306,-0.3447650390625,-0.16998831787109375
9.559953927993774,-0.1633415009881716,-0.39264907226562495,-0.16041151123046873
9.580297708511353,-0.16320826974756136,-0.4860229370117187,-0.2609679809570312
9.60012435913086,-0.16720520696586896,-0.2154781494140625,-0.19393033447265623
9.620339155197144,-0.1737335377557714,-0.47644613037109373,-0.11731588134765625
9.640022039413452,-0.1648070446348844,-0.239420166015625,-0.3136404174804687
9.65993070602417,-0.15654670771704865,-0.6392518432617187,-0.19393033447265623
9.680531740188599,-0.15508116407033584,-0.316034619140625,-0.3447650390625
9.700068712234497,-0.16067687617596652,-0.699106884765625,-0.26336218261718747
9.72032904624939,-0.16400765719122287,-0.4070142822265625,-0.16759411621093748
9.74043893814087,-0.16107656989779728,-0.6488286499023437,-0.21068974609375
9.76008915901184,-0.17133537542478686,-0.4285620971679687,-0.1388636962890625
9.780096530914307,-0.1674716694470895,-0.47165772705078124,-0.2705447875976562
9.800045490264893,-0.17733078125224827,-0.5243301635742187,-0.15083470458984374
9.820487260818481,-0.17360030651516117,-0.181959326171875,-0.143652099609375
9.840229749679565,-0.16813782565014074,-0.5530605834960938,-0.26336218261718747
9.860584735870361,-0.16640581952220743,-0.229843359375,-0.24181436767578124
9.880308389663696,-0.16454058215366388,-0.5530605834960938,-0.11731588134765625
9.90004277229309,-0.15801225136376143,-0.201112939453125,-0.47644613037109373
9.920583248138428,-0.15761255764193066,-0.7206546997070312,-0.2537853759765625
9.94025182723999,-0.14921898948348467,-0.22026655273437498,-0.16998831787109375
9.960045337677002,-0.1508177643708077,-0.6631938598632812,-0.22266075439453123
9.98011589050293,-0.14961868320531543,-0.19153613281249998,-0.4213794921875
9.999716758728027,-0.14748698335555135,-0.6248866333007812,-0.05746083984375
10.019872426986694,-0.15867840756681273,-0.4261678955078125,-0.1867477294921875
10.03966474533081,-0.1633415009881716,-0.6177040283203125,-0.181959326171875
10.059706687927246,-0.17346707527455094,-0.47644613037109373,-0.031124621582031248
10.079890251159668,-0.16640581952220743,-0.40940848388671874,-0.30885201416015623
10.099794864654541,-0.17533231264309448,-0.5123591552734374,-0.2825157958984375
10.119893074035645,-0.17773047497407904,-0.354341845703125,-0.13646949462890623
10.139720439910889,-0.18212710591421744,-0.5458779785156249,-0.12689268798828124
10.159750938415527,-0.1743996939588227,-0.2753331909179687,-0.39264907226562495
10.17969536781311,-0.1616094948602383,-0.6153098266601562,-0.2609679809570312
10.199825286865234,-0.15747932640132042,-0.26815058593749996,-0.19632453613281248
10.219744205474854,-0.16467381339427414,-0.6679822631835937,-0.30406361083984373
10.239830017089844,-0.1584119450855922,-0.38786066894531246,-0.3327940307617187
10.26024866104126,-0.1482863707992129,-0.5889736083984375,-0.15562310791015624
10.280308246612549,-0.15241653925813076,-0.3495534423828125,-0.22266075439453123
10.300159454345703,-0.16320826974756136,-0.6464344482421874,-0.16759411621093748
10.320328950881958,-0.1669387444846485,-0.40462008056640625,-0.12449848632812499
10.340434074401855,-0.16667228200342796,-0.5339069702148437,-0.23223756103515625
10.36006760597229,-0.1721347628684484,-0.5099649536132812,-0.2609679809570312
10.380094528198242,-0.16707197572525873,-0.2609679809570312,-0.13646949462890623
10.400039911270142,-0.1729341503121099,-0.5099649536132812,-0.181959326171875
10.420409917831421,-0.16347473222878187,-0.23223756103515625,-0.2537853759765625
10.44010853767395,-0.15987748873230498,-0.565031591796875,-0.19632453613281248
10.46060299873352,-0.14682082715250008,-0.16280571289062498,-0.373495458984375
10.48009729385376,-0.14815313955860265,-0.7062894897460937,-0.20829554443359374
10.500454425811768,-0.13882695271588483,-0.13407529296874998,-0.2442085693359375
10.520494937896729,-0.14309035241541299,-0.7038952880859375,-0.201112939453125
10.540181398391724,-0.15121745809263848,-0.35194764404296874,-0.1580173095703125
10.560146808624268,-0.16120980113840752,-0.63206923828125,-0.05985504150390625
10.580102920532227,-0.20450995433674016,-0.55545478515625,-0.0526724365234375
10.600118637084961,-0.1729341503121099,-0.5147533569335937,-0.24899697265624998
10.620531797409058,-0.17959571234262262,-0.6009446166992187,-0.02633621826171875
10.640416622161865,-0.18159418095177643,-0.38786066894531246,-0.14604630126953125
10.66053318977356,-0.18852220546350965,-0.51714755859375,-0.17477672119140625
10.680183172225952,-0.1746661564400432,-0.3184288208007812,-0.612915625
10.700064659118652,-0.17026952549990482,-0.5099649536132812,-0.18435352783203124
10.721044063568115,-0.16427411967244337,-0.24660277099609373,-0.23223756103515625
10.740747928619385,-0.1690704443344125,-0.5267243652343749,-0.25139117431640623
10.76080846786499,-0.1625421135445101,-0.354341845703125,-0.33518823242187495
10.780199527740479,-0.16094333865718705,-0.47884033203125,-0.08379705810546874
10.800199270248413,-0.1613430323790178,-0.38307226562499996,-0.23223756103515625
10.820276737213135,-0.17053598798112535,-0.5985504150390625,-0.239420166015625
10.840591430664062,-0.16454058215366388,-0.35194764404296874,-0.1005564697265625
10.860339641571045,-0.15654670771704865,-0.45010991210937495,-0.26336218261718747
10.880085229873657,-0.1594777950104742,-0.3687070556640625,-0.4525041137695312
10.900187730789185,-0.15494793282972558,-0.38786066894531246,-0.24181436767578124
10.920037984848022,-0.16067687617596652,-0.41419688720703124,-0.17477672119140625
10.940298080444336,-0.14722052087433085,-0.354341845703125,-0.2657563842773437
10.960261583328247,-0.1566799389576589,-0.4860229370117187,-0.13168109130859373
10.980181217193604,-0.15707963267948966,-0.34237083740234375,-0.22026655273437498
11.00013518333435,-0.1628085760257306,-0.6560112548828124,-0.2059013427734375
11.020594835281372,-0.1590781012886435,-0.2609679809570312,-0.1867477294921875
11.040210962295532,-0.16560643207854595,-0.7661445312499999,-0.1580173095703125
11.060031175613403,-0.160410413694746,-0.23223756103515625,-0.34715924072265625
11.080283641815186,-0.1650735071161049,-0.6344634399414062,-0.2705447875976562
11.100062847137451,-0.16387442595061263,-0.30406361083984373,-0.15083470458984374
11.120279550552368,-0.1648070446348844,-0.5482721801757812,-0.17238251953125
11.140222787857056,-0.1668055132440382,-0.4860229370117187,-0.2059013427734375
11.160040616989136,-0.16880398185319204,-0.316034619140625,-0.033518823242187495
11.18021011352539,-0.17186830038722786,-0.5770026000976562,-0.22744915771484372
11.200142621994019,-0.1573460951607102,-0.277727392578125,-0.15083470458984374
11.220560312271118,-0.15881163880742297,-0.5386953735351562,-0.076614453125
11.240288019180298,-0.15867840756681273,-0.36391865234375,-0.29448680419921874
11.26104998588562,-0.16653905076281772,-0.565031591796875,-0.028730419921875
11.28029179573059,-0.15561408903277688,-0.2753331909179687,-0.2657563842773437
11.300244808197021,-0.15974425749169474,-0.316034619140625,-0.143652099609375
11.320737600326538,-0.16440735091305364,-0.24660277099609373,-0.1149216796875
11.340155363082886,-0.16773813192830997,-0.469263525390625,-0.18914193115234373
11.360163688659668,-0.1685375193719715,-0.30406361083984373,-0.3064578125
11.380175352096558,-0.15801225136376143,-0.469263525390625,-0.2657563842773437
11.400442123413086,-0.1590781012886435,-0.354341845703125,-0.21308394775390624
11.420630693435669,-0.1628085760257306,-0.3112462158203125,-0.3591302490234375
11.440447092056274,-0.15974425749169474,-0.5458779785156249,-0.21787235107421873
11.46021318435669,-0.144156202340295,-0.3064578125,-0.1292868896484375
11.480196237564087,-0.1500183769271462,-0.507570751953125,-0.22744915771484372
11.499927759170532,-0.14642113343066934,-0.36152445068359373,-0.26336218261718747
11.520281314849854,-0.16027718245413575,-0.5506663818359374,-0.06703764648437499
11.540102005004883,-0.1526830017393513,-0.26815058593749996,-0.3184288208007812
11.56022834777832,-0.15881163880742297,-0.6272808349609375,-0.18435352783203124
11.580339908599854,-0.16640581952220743,-0.17956512451171874,-0.0909796630859375
11.600062847137451,-0.17626493132736626,-0.6607996582031249,-0.21787235107421873
11.620674133300781,-0.18012863730506362,-0.22266075439453123,-0.3112462158203125
11.640087604522705,-0.17666462504919703,-0.507570751953125,-0.14604630126953125
11.660237312316895,-0.13722817782856178,-0.36391865234375,-0.20829554443359374
11.68035888671875,-0.17053598798112535,-0.38307226562499996,-0.430956298828125
11.700088262557983,-0.1732006127933304,-0.5386953735351562,-0.16280571289062498
11.720360279083252,-0.16120980113840752,-0.3399766357421875,-0.21308394775390624
11.740376234054565,-0.15934456376986397,-0.5770026000976562,-0.3327940307617187
11.760347604751587,-0.16240888230389983,-0.43574470214843747,-0.17238251953125
11.77999496459961,-0.16560643207854595,-0.5051765502929687,-0.009576806640625
11.80010175704956,-0.16867075061258177,-0.21787235107421873,-0.2825157958984375
11.820520401000977,-0.17160183790600736,-0.5291185668945312,-0.30406361083984373
11.840497255325317,-0.17186830038722786,-0.32561142578124996,-0.239420166015625
11.860185146331787,-0.1692036755750228,-0.40940848388671874,-0.277727392578125
11.880158185958862,-0.17066921922173559,-0.27293898925781246,-0.2825157958984375
11.900291204452515,-0.1573460951607102,-0.44532150878906246,-0.22266075439453123
11.920457601547241,-0.15388208290484356,-0.33039982910156246,-0.30885201416015623
11.940126895904541,-0.1424241962123617,-0.3950432739257812,-0.22266075439453123
11.960319757461548,-0.1389601839564951,-0.39264907226562495,-0.296881005859375
11.98025393486023,-0.1299004595949978,-0.34715924072265625,-0.2059013427734375
12.000157594680786,-0.13496324673818746,-0.5147533569335937,-0.21068974609375
12.0206298828125,-0.14202450249053092,-0.35194764404296874,-0.2825157958984375
12.040099859237671,-0.1601439512135255,-0.6392518432617187,-0.02633621826171875
12.060189247131348,-0.1625421135445101,-0.277727392578125,-0.1388636962890625
12.080018520355225,-0.16720520696586896,-0.488417138671875,-0.07422025146484375
12.100438356399536,-0.17746401249285856,-0.28490999755859375,-0.2154781494140625
12.120710372924805,-0.18519142444825326,-0.5913678100585937,-0.11731588134765625
12.140319347381592,-0.18106125598933542,-0.2442085693359375,-0.21068974609375
12.16029977798462,-0.1732006127933304,-0.6009446166992187,-0.41419688720703124
12.180304765701294,-0.16494027587549465,-0.28969840087890625,-0.229843359375
12.200202703475952,-0.16547320083793565,-0.4477157104492187,-0.316034619140625
12.220529079437256,-0.1616094948602383,-0.3687070556640625,-0.26336218261718747
12.240179777145386,-0.15454823910789484,-0.3687070556640625,-0.13407529296874998
12.260887861251831,-0.1589448700480332,-0.32561142578124996,-0.3184288208007812
12.28020429611206,-0.14975191444592567,-0.20350714111328125,-0.1197100830078125
12.300208568572998,-0.1554808577921666,-0.5339069702148437,-0.016759411621093748
12.320797681808472,-0.15481470158911534,-0.24181436767578124,-0.4955997436523437
12.340554237365723,-0.1540153141454538,-0.6655880615234374,-0.2609679809570312
12.360347509384155,-0.15215007677691025,-0.16519991455078123,-0.023942016601562498
12.380571126937866,-0.1630750385069511,-0.7829039428710937,-0.3806780639648437
12.400368213653564,-0.16414088843183314,-0.08858546142578125,-0.19632453613281248
12.420393705368042,-0.1552143953109461,-0.5602431884765625,-0.0383072265625
12.440166234970093,-0.1650735071161049,-0.3711012573242187,-0.4213794921875
12.46011757850647,-0.16440735091305364,-0.5363011718749999,-0.3184288208007812
12.480352401733398,-0.16707197572525873,-0.4477157104492187,-0.076614453125
12.500260353088379,-0.1552143953109461,-0.24181436767578124,-0.43574470214843747
12.520486116409302,-0.1616094948602383,-0.6272808349609375,-0.28969840087890625
12.540136814117432,-0.16454058215366388,-0.00718260498046875,-0.033518823242187495
12.560154676437378,-0.16960336929685357,-0.5506663818359374,-0.086191259765625
12.580327987670898,-0.17280091907149964,-0.33039982910156246,-0.39983167724609375
12.600148677825928,-0.17040275674051508,-0.5722141967773438,-0.1388636962890625
12.620550870895386,-0.17000306301868431,-0.20350714111328125,-0.16759411621093748
12.64036250114441,-0.18186064343299693,-0.6512228515624999,-0.30885201416015623
12.660402059555054,-0.1692036755750228,-0.30885201416015623,-0.45489831542968745
12.680185317993164,-0.16214241982267932,-0.44532150878906246,-0.12210428466796874
12.699962139129639,-0.1529494642205718,-0.2561795776367187,-0.34237083740234375
12.720517635345459,-0.16227565106328956,-0.5913678100585937,-0.38307226562499996
12.74040412902832,-0.1554808577921666,-0.1771709228515625,-0.19393033447265623
12.760706424713135,-0.1482863707992129,-0.565031591796875,-0.23702596435546874
12.78026795387268,-0.15228330801752052,-0.3112462158203125,-0.411802685546875
12.80042552947998,-0.1537488516642333,-0.3280056274414062,-0.10295067138671875
12.820433139801025,-0.16214241982267932,-0.40940848388671874,-0.08379705810546874
12.840335607528687,-0.1590781012886435,-0.33518823242187495,-0.18435352783203124
12.860455751419067,-0.15747932640132042,-0.5267243652343749,-0.0909796630859375
12.88032078742981,-0.16294180726634083,-0.201112939453125,-0.3591302490234375
12.90013313293457,-0.16294180726634083,-0.6751648681640625,-0.16280571289062498
12.92073941230774,-0.1590781012886435,-0.10295067138671875,-0.28012159423828126
12.940130949020386,-0.1601439512135255,-0.6967126831054687,-0.17477672119140625
12.960126161575317,-0.15774578888254095,-0.3184288208007812,-0.2825157958984375
12.980072259902954,-0.15974425749169474,-0.5746083984375,-0.12689268798828124
13.0010507106781,-0.16653905076281772,-0.24899697265624998,-0.19393033447265623
13.020432949066162,-0.15801225136376143,-0.59376201171875,-0.1771709228515625
13.040276288986206,-0.1633415009881716,-0.47165772705078124,-0.16041151123046873
13.060285091400146,-0.1763981625679765,-0.40462008056640625,-0.15083470458984374
13.080243349075317,-0.17972894358323288,-0.507570751953125,-0.08140285644531249
13.100097179412842,-0.16440735091305364,-0.2346317626953125,-0.4165910888671875
13.120461463928223,-0.17133537542478686,-0.6248866333007812,-0.23702596435546874
13.140373945236206,-0.17306738155272017,-0.2537853759765625,-0.2346317626953125
13.160150289535522,-0.17506585016187395,-0.5339069702148437,-0.18435352783203124
13.180105209350586,-0.1697366005374638,-0.24660277099609373,-0.30885201416015623
13.20026969909668,-0.1630750385069511,-0.5530605834960938,-0.23702596435546874
13.22047233581543,-0.16120980113840752,-0.2825157958984375,-0.4165910888671875
13.240296602249146,-0.16640581952220743,-0.5386953735351562,-0.3136404174804687
13.260584831237793,-0.1625421135445101,-0.28012159423828126,-0.2442085693359375
13.280476331710815,-0.15108422685202821,-0.39983167724609375,-0.316034619140625
13.300275802612305,-0.14682082715250008,-0.3136404174804687,-0.2609679809570312
13.320566892623901,-0.1476202145961616,-0.4381389038085937,-0.09576806640624999
13.340299844741821,-0.1488192957616539,-0.37828386230468747,-0.22026655273437498
13.360355615615845,-0.14602143970883857,-0.45010991210937495,-0.24899697265624998
13.380364894866943,-0.14775344583677189,-0.41898529052734373,-0.047884033203124995
13.400223731994629,-0.15641347647643838,-0.2609679809570312,-0.24181436767578124
13.420540571212769,-0.16374119471000237,-0.584185205078125,-0.06703764648437499
13.440615177154541,-0.16454058215366388,-0.02633621826171875,-0.3064578125
13.460438966751099,-0.16200918858206906,-0.6703764648437499,-0.21787235107421873
13.480259656906128,-0.16600612580037669,-0.19153613281249998,-0.20350714111328125
13.500582218170166,-0.1692036755750228,-0.6009446166992187,-0.20829554443359374
13.52047848701477,-0.16440735091305364,-0.18435352783203124,-0.34237083740234375
13.540246963500977,-0.160410413694746,-0.5626373901367188,-0.143652099609375
13.560253143310547,-0.16107656989779728,-0.3591302490234375,-0.21068974609375
13.580107927322388,-0.17040275674051508,-0.3711012573242187,-0.09576806640624999
13.60008978843689,-0.16933690681563304,-0.5386953735351562,-0.12449848632812499
13.62042236328125,-0.1636079634693921,-0.258573779296875,-0.1292868896484375
13.640187740325928,-0.1685375193719715,-0.5410895751953124,-0.20829554443359374
13.660269975662231,-0.17453292519943295,-0.3232172241210937,-0.28012159423828126
13.68022346496582,-0.17613170008675602,-0.5865794067382812,-0.023942016601562498
13.700211763381958,-0.1650735071161049,-0.2920926025390625,-0.39264907226562495
13.720256090164185,-0.16893721309380227,-0.6296750366210937,-0.2705447875976562
13.740264654159546,-0.16147626361962805,-0.22266075439453123,-0.19393033447265623
13.760349035263062,-0.16893721309380227,-0.55545478515625,-0.23223756103515625
13.7805655002594,-0.15654670771704865,-0.20829554443359374,-0.18914193115234373
13.80026626586914,-0.15215007677691025,-0.55545478515625,-0.23223756103515625
13.820505142211914,-0.14695405839311035,-0.30406361083984373,-0.3016694091796875
13.840243339538574,-0.15761255764193066,-0.4477157104492187,-0.296881005859375
13.86034607887268,-0.16347473222878187,-0.3806780639648437,-0.23223756103515625
13.880170106887817,-0.14841960203982313,-0.41898529052734373,-0.1292868896484375
13.899961948394775,-0.15588055151399735,-0.411802685546875,-0.07422025146484375
13.920527935028076,-0.16227565106328956,-0.36391865234375,-0.17238251953125
13.940130233764648,-0.16494027587549465,-0.47884033203125,-0.011971008300781249
13.960339546203613,-0.16600612580037669,-0.28012159423828126,-0.33518823242187495
13.980100154876709,-0.16560643207854595,-0.5865794067382812,-0.18914193115234373
14.0001220703125,-0.16387442595061263,-0.24899697265624998,-0.23223756103515625
14.02076530456543,-0.17053598798112535,-0.70868369140625,-0.28730419921875
14.040258884429932,-0.16667228200342796,-0.2154781494140625,-0.28012159423828126
14.060108423233032,-0.1648070446348844,-0.5674257934570313,-0.09816226806640624
14.080048084259033,-0.1625421135445101,-0.28730419921875,-0.17477672119140625
14.1003999710083,-0.16347473222878187,-0.5027823486328125,-0.34237083740234375
14.12054181098938,-0.16547320083793565,-0.469263525390625,-0.07422025146484375
14.14006781578064,-0.1648070446348844,-0.3232172241210937,-0.09337386474609374
14.160265922546387,-0.16840428813136127,-0.5578489868164063,-0.35673604736328124
14.180046319961548,-0.1633415009881716,-0.27293898925781246,-0.08858546142578125
14.200437784194946,-0.16400765719122287,-0.4836287353515625,0.0047884033203125
14.220468044281006,-0.15801225136376143,-0.22026655273437498,-0.6105214233398437
14.240326642990112,-0.1594777950104742,-0.5698199951171875,-0.16041151123046873
14.260250329971313,-0.15561408903277688,-0.24899697265624998,-0.076614453125
14.280405759811401,-0.160410413694746,-0.6679822631835937,-0.22744915771484372
14.300107955932617,-0.14815313955860265,-0.16280571289062498,-0.4860229370117187
14.320586204528809,-0.15534762655155634,-0.7015010864257812,-0.0718260498046875
14.340222120285034,-0.1546814703485051,-0.11731588134765625,-0.27293898925781246
14.360106229782104,-0.1589448700480332,-0.6368576416015624,-0.1771709228515625
14.3802170753479,-0.15588055151399735,-0.3280056274414062,-0.07900865478515624
14.40021800994873,-0.15188361429568975,-0.4165910888671875,-0.26815058593749996
14.420308351516724,-0.16440735091305364,-0.6943184814453125,-0.24181436767578124
14.440057039260864,-0.1630750385069511,-0.201112939453125,-0.047884033203124995
14.460094690322876,-0.17413323147760218,-0.7541735229492187,-0.16759411621093748
14.480184555053711,-0.16600612580037669,-0.239420166015625,-0.2657563842773437
14.500148296356201,-0.16187595734145882,-0.5578489868164063,-0.14125789794921875
14.520511627197266,-0.1636079634693921,-0.33039982910156246,-0.40462008056640625
14.540266513824463,-0.17226799410905863,-0.7398083129882812,-0.28490999755859375
14.56021785736084,-0.16947013805624328,-0.3399766357421875,-0.25139117431640623
14.580341100692749,-0.16240888230389983,-0.48123453369140623,-0.19632453613281248
14.6001877784729,-0.16653905076281772,-0.28969840087890625,-0.229843359375
14.620604753494263,-0.16880398185319204,-0.5386953735351562,-0.201112939453125
14.640236377716064,-0.2046431855773504,-0.2609679809570312,-0.15322890625
14.660225868225098,-0.1650735071161049,-0.44053310546874996,-0.24660277099609373
14.680112838745117,-0.16200918858206906,-0.5027823486328125,-0.45968671875
14.700294256210327,-0.16027718245413575,-0.430956298828125,-0.24181436767578124
14.720616102218628,-0.15934456376986397,-0.51714755859375,-0.23223756103515625
14.740315914154053,-0.14801990831799236,-0.35673604736328124,-0.34715924072265625
14.760196208953857,-0.14548851474639754,-0.5458779785156249,-0.14125789794921875
14.780208110809326,-0.1517503830550795,-0.22744915771484372,-0.3136404174804687
14.800913572311401,-0.14735375211494112,-0.6177040283203125,-0.086191259765625
14.820634603500366,-0.1546814703485051,-0.14604630126953125,-0.44532150878906246
14.840210437774658,-0.1601439512135255,-0.6392518432617187,-0.15322890625
14.860478401184082,-0.1674716694470895,-0.45489831542968745,-0.2920926025390625
14.880196809768677,-0.17386676899638168,-0.5961562133789062,-0.36631285400390623
14.900675773620605,-0.17346707527455094,-0.44053310546874996,-0.1149216796875
14.920274019241333,-0.16560643207854595,-0.4261678955078125,-0.0383072265625
14.940231323242188,-0.1732006127933304,-0.5219359619140624,-0.24899697265624998
14.960308074951172,-0.17852986241774058,-0.36152445068359373,-0.1484405029296875
14.97993803024292,-0.17799693745529957,-0.4740519287109375,-0.06943184814453125
15.000614643096924,-0.1628085760257306,-0.15562310791015624,-0.3064578125
15.020839929580688,-0.16187595734145882,-0.6416460449218749,-0.19632453613281248
15.04041337966919,-0.16427411967244337,-0.258573779296875,-0.06464344482421874
15.060431480407715,-0.2046431855773504,-0.6631938598632812,-0.19871873779296872
15.080881357192993,-0.16240888230389983,-0.3232172241210937,-0.2657563842773437
15.100499153137207,-0.16027718245413575,-0.4955997436523437,-0.13168109130859373
15.120456218719482,-0.1584119450855922,-0.3232172241210937,-0.3806780639648437
15.1404447555542,-0.16667228200342796,-0.5458779785156249,-0.28490999755859375
15.160654783248901,-0.16400765719122287,-0.24899697265624998,-0.22744915771484372
15.180402278900146,-0.15867840756681273,-0.4740519287109375,-0.32082302246093747
15.20046353340149,-0.15694640143887942,-0.430956298828125,-0.26815058593749996
15.220667362213135,-0.15588055151399735,-0.44053310546874996,-0.258573779296875
15.24028754234314,-0.16120980113840752,-0.603338818359375,-0.22505495605468748
15.261168241500854,-0.1552143953109461,-0.40462008056640625,-0.09337386474609374
15.280431747436523,-0.14855283328043337,-0.46686932373046874,-0.05746083984375
15.300253868103027,-0.15135068933324874,-0.2920926025390625,-0.24181436767578124
15.320432186126709,-0.15254977049874102,-0.5674257934570313,0.01915361328125
15.340463876724243,-0.15015160816775644,-0.16519991455078123,-0.373495458984375
15.360216856002808,-0.1566799389576589,-0.737414111328125,-0.2059013427734375
15.380311012268066,-0.16227565106328956,-0.23223756103515625,-0.09337386474609374
15.400543689727783,-0.16520673835671518,-0.7230489013671875,-0.28490999755859375
15.420737981796265,-0.20437672309612986,-0.24899697265624998,-0.18435352783203124
15.4402174949646,-0.1662725882815972,-0.5530605834960938,-0.023942016601562498
15.460066080093384,-0.1743996939588227,-0.5339069702148437,-0.2442085693359375
15.480275392532349,-0.17826339993652007,-0.32561142578124996,-0.24899697265624998
15.50059199333191,-0.1712021441841766,-0.5003881469726562,-0.02154781494140625
15.520628929138184,-0.16120980113840752,-0.23702596435546874,-0.2346317626953125
15.540460109710693,-0.16547320083793565,-0.6703764648437499,-0.33039982910156246
15.560274124145508,-0.1732006127933304,-0.3806780639648437,-0.33039982910156246
15.580455303192139,-0.1692036755750228,-0.5482721801757812,-0.055066638183593745
15.600413084030151,-0.2046431855773504,-0.28490999755859375,-0.21308394775390624
15.62039589881897,-0.1616094948602383,-0.5985504150390625,-0.22026655273437498
15.64022445678711,-0.16294180726634083,-0.34715924072265625,-0.32082302246093747
15.659950256347656,-0.16867075061258177,-0.5626373901367188,-0.13168109130859373
15.679913759231567,-0.16720520696586896,-0.21308394775390624,-0.39743747558593745
15.700016021728516,-0.1584119450855922,-0.6368576416015624,-0.316034619140625
15.720324993133545,-0.15241653925813076,-0.19393033447265623,-0.143652099609375
15.740017175674438,-0.1552143953109461,-0.5386953735351562,-0.25139117431640623
15.760081768035889,-0.15361562042362306,-0.3280056274414062,-0.28490999755859375
15.780071258544922,-0.14775344583677189,-0.5793968017578125,-0.15083470458984374
15.800236940383911,-0.15041807064897697,-0.469263525390625,-0.3950432739257812
15.820822477340698,-0.15254977049874102,-0.3399766357421875,-0.08140285644531249
15.840749740600586,-0.1636079634693921,-0.5482721801757812,-0.10773907470703124
15.860215902328491,-0.16387442595061263,-0.277727392578125,-0.3184288208007812
15.880181312561035,-0.1633415009881716,-0.6153098266601562,-0.0718260498046875
15.900182962417603,-0.16227565106328956,-0.13646949462890623,-0.28730419921875
15.920480012893677,-0.16827105689075103,-0.7900865478515624,-0.3232172241210937
15.940150022506714,-0.1674716694470895,-0.29927520751953124,-0.1005564697265625
15.96016788482666,-0.1625421135445101,-0.6392518432617187,-0.20829554443359374
15.979940414428711,-0.1680045944095305,-0.5195417602539062,-0.34715924072265625
16.00020933151245,-0.16933690681563304,-0.6081272216796875,-0.16998831787109375
16.020531177520752,-0.16414088843183314,-0.3902548706054687,0.1292868896484375
16.04019522666931,-0.16214241982267932,-0.4261678955078125,-0.59376201171875
16.060207843780518,-0.1724012253496689,-0.59376201171875,-0.229843359375
16.08026432991028,-0.16813782565014074,-0.411802685546875,-0.06703764648437499
16.099995374679565,-0.17333384403394067,-0.5099649536132812,-0.02633621826171875
16.120593786239624,-0.16294180726634083,-0.373495458984375,-0.46686932373046874
16.140130043029785,-0.16454058215366388,-0.5674257934570313,-0.17238251953125
16.16024947166443,-0.16427411967244337,-0.105344873046875,-0.25139117431640623
16.180161237716675,-0.16240888230389983,-0.7541735229492187,-0.18914193115234373
16.200201272964478,-0.15614701399521788,-0.14125789794921875,-0.258573779296875
16.220338821411133,-0.15135068933324874,-0.6751648681640625,-0.24899697265624998
16.24012541770935,-0.15068453313019745,-0.23702596435546874,-0.3902548706054687
16.260145902633667,-0.15881163880742297,-0.6248866333007812,-0.09337386474609374
16.280153274536133,-0.15281623297996152,-0.4333505004882812,-0.16041151123046873
16.300185918807983,-0.1488192957616539,-0.46686932373046874,-0.33518823242187495
16.320244789123535,-0.1494854519647052,-0.40222587890625,-0.1484405029296875
16.34004783630371,-0.16120980113840752,-0.49320554199218747,-0.0526724365234375
16.361032962799072,-0.16893721309380227,-0.5506663818359374,-0.23223756103515625
16.380237817764282,-0.16320826974756136,-0.40462008056640625,-0.08140285644531249
16.40189552307129,-0.1685375193719715,-0.5578489868164063,-0.19393033447265623
16.420479774475098,-0.16880398185319204,-0.26815058593749996,-0.2442085693359375
16.44012188911438,-0.17386676899638168,-0.6655880615234374,-0.06464344482421874
16.460310459136963,-0.1786630936583508,-0.2537853759765625,-0.4285620971679687
16.480297803878784,-0.16867075061258177,-0.5961562133789062,-0.1149216796875
16.50093698501587,-0.16840428813136127,-0.4213794921875,-0.3064578125
16.521174669265747,-0.16947013805624328,-0.6727706665039062,-0.3232172241210937
16.54051637649536,-0.16720520696586896,-0.33758243408203126,-0.4477157104492187
16.56065797805786,-0.16320826974756136,-0.5147533569335937,-0.1149216796875
16.580938816070557,-0.1636079634693921,-0.5339069702148437,-0.0143652099609375
16.600489854812622,-0.1601439512135255,-0.3112462158203125,-0.33039982910156246
16.620996236801147,-0.16440735091305364,-0.6296750366210937,-0.06703764648437499
16.64043688774109,-0.1589448700480332,-0.30885201416015623,-0.2059013427734375
16.6609308719635,-0.1540153141454538,-0.55545478515625,-0.2609679809570312
16.681445121765137,-0.15121745809263848,-0.36152445068359373,-0.3112462158203125
16.700395345687866,-0.1444226648215155,-0.507570751953125,-0.21308394775390624
16.72071075439453,-0.13416385929452596,-0.19632453613281248,-0.22744915771484372
16.740309715270996,-0.13909341519710536,-0.5865794067382812,-0.2561795776367187
16.760852813720703,-0.11377947948115706,-0.29927520751953124,-0.3136404174804687
16.7806293964386,-0.09139663105863435,-0.5817910034179687,-0.3758896606445312
16.800480127334595,-0.0575558959436298,-0.5051765502929687,-0.5961562133789062
16.82057237625122,-0.022915773384963714,-0.6296750366210937,-0.5195417602539062
16.84062099456787,0.008393568158446012,-0.5602431884765625,-0.44053310546874996
16.8612642288208,0.022249617181912446,-0.3806780639648437,-0.36152445068359373
16.88079023361206,0.02145022973825092,-0.35673604736328124,-0.05746083984375
16.900470972061157,0.007860643196004996,-0.12689268798828124,-0.00718260498046875
16.92066788673401,-0.010392036767599824,-0.38786066894531246,-0.076614453125
16.9404718875885,-0.01985145485092787,-0.33039982910156246,-0.2346317626953125
16.960621118545532,-0.014655436467127957,-0.5961562133789062,-0.29448680419921874
16.98050832748413,0.0021316998497640663,-0.5315127685546874,-0.3399766357421875
17.000479459762573,0.008793261880276773,-0.5889736083984375,-0.30406361083984373
17.02058720588684,0.0029310872934255917,-0.43574470214843747,-0.16280571289062498
17.040595054626465,-0.0075941807147844875,-0.3136404174804687,-0.13646949462890623
17.06084156036377,-0.013189892820415163,-0.41898529052734373,-0.12449848632812499
17.080662965774536,-0.016787136316892024,-0.4525041137695312,-0.21068974609375
17.100602865219116,-0.0127901990985844,-0.45489831542968745,-0.296881005859375
17.120755672454834,-0.0058621745868511835,-0.47884033203125,-0.2920926025390625
17.140260934829712,-0.03397396635561481,-0.4477157104492187,-0.2059013427734375
17.16094946861267,-0.0011990811654922875,-0.45968671875,-0.17238251953125
17.180455684661865,-0.0021316998497640663,-0.3950432739257812,-0.1484405029296875
17.200331211090088,-0.007727411955394742,-0.411802685546875,-0.19153613281249998
17.220763206481934,-0.009725880564548555,-0.6105214233398437,-0.2705447875976562
17.240286827087402,-0.004663093421358896,-0.488417138671875,-0.23223756103515625
17.26075053215027,-0.002264931090374321,-0.47644613037109373,-0.23702596435546874
17.280428886413574,-0.005196018383799912,-0.612915625,-0.2059013427734375
17.30034112930298,-0.010658499248820334,-0.44532150878906246,-0.19393033447265623
17.320610761642456,-0.009992343045769061,-0.41419688720703124,-0.22744915771484372
17.340507984161377,-0.008260336917835759,-0.4860229370117187,-0.201112939453125
17.360631465911865,-0.0033307810152563544,-0.44532150878906246,-0.22266075439453123
17.380503177642822,-0.0033307810152563544,-0.45489831542968745,-0.26815058593749996
17.400946378707886,-0.004130168458917879,-0.42377369384765623,-0.17238251953125
17.42075753211975,-0.005462480865020421,-0.32082302246093747,-0.17477672119140625
17.44050431251526,-0.007993874436615249,-0.47644613037109373,-0.19153613281249998
17.460771322250366,-0.002398162330984575,-0.44532150878906246,-0.23702596435546874
17.480574369430542,-0.007727411955394742,-0.3232172241210937,-0.2705447875976562
17.500325441360474,-0.00159877488732305,-0.44053310546874996,-0.23223756103515625
17.520734071731567,-0.002264931090374321,-0.47644613037109373,-0.19153613281249998
17.54042100906372,-0.004663093421358896,-0.4644751220703125,-0.201112939453125
17.560826778411865,-0.0063950995492922,-0.45010991210937495,-0.20350714111328125
17.580334901809692,-0.0075941807147844875,-0.45489831542968745,-0.23223756103515625
17.60089087486267,-0.002264931090374321,-0.47644613037109373,-0.239420166015625
17.620684146881104,-0.002797856052815337,-0.4908113403320312,-0.21787235107421873
17.640434503555298,-0.004130168458917879,-0.43574470214843747,-0.2154781494140625
17.66077947616577,-0.0073277182335639785,-0.47884033203125,-0.19632453613281248
17.680567502975464,-0.007993874436615249,-0.41419688720703124,-0.2059013427734375
17.700552225112915,-0.00866003063966652,-0.316034619140625,-0.19871873779296872
17.720768451690674,-0.006928024511733216,-0.3112462158203125,-0.19871873779296872
17.740456104278564,-0.0029310872934255917,-0.3232172241210937,-0.2537853759765625
17.761043071746826,-0.0057289433462409285,-0.3112462158203125,-0.22266075439453123
17.780422687530518,-0.0019984686091538122,-0.40462008056640625,-0.19871873779296872
17.800506830215454,-0.0031975497746461,-0.47884033203125,-0.23223756103515625
17.8207585811615,-0.004929555902579405,-0.45489831542968745,-0.20350714111328125
17.840590476989746,-0.004529862180748642,-0.4381389038085937,-0.21787235107421873
17.86078429222107,-0.004130168458917879,-0.430956298828125,-0.18914193115234373
17.880958557128906,-0.0021316998497640663,-0.4572925170898437,-0.20350714111328125
17.90076494216919,-0.004263399699528133,-0.39264907226562495,-0.22505495605468748
17.920783281326294,-0.0063950995492922,-0.45010991210937495,-0.24660277099609373
17.940958976745605,-0.00159877488732305,-0.44532150878906246,-0.18914193115234373
17.961063623428345,-0.005595712105630674,-0.33039982910156246,-0.22026655273437498
17.980453491210938,-0.00159877488732305,-0.430956298828125,-0.22266075439453123
18.000492095947266,-0.0057289433462409285,-0.4525041137695312,-0.2442085693359375
18.02079677581787,-0.0039969372183076245,-0.43574470214843747,-0.22505495605468748
18.040435314178467,-0.005196018383799912,-0.45489831542968745,-0.22744915771484372
18.06074094772339,-0.0063950995492922,-0.41419688720703124,-0.2346317626953125
18.08051872253418,-0.002264931090374321,-0.4740519287109375,-0.1867477294921875
18.10075306892395,-0.004529862180748642,-0.4333505004882812,-0.22026655273437498
18.12114667892456,-0.002531393571594829,-0.45968671875,-0.2154781494140625
18.140433073043823,-0.005462480865020421,-0.4477157104492187,-0.2346317626953125
18.16107439994812,-0.005595712105630674,-0.45489831542968745,-0.19871873779296872
18.18060040473938,-0.00479632466196915,-0.46686932373046874,-0.22505495605468748
18.200456380844116,-0.004929555902579405,-0.3280056274414062,-0.21068974609375
18.220847845077515,-0.002797856052815337,-0.4213794921875,-0.18914193115234373
18.2404568195343,-0.0026646248122050836,-0.4477157104492187,-0.239420166015625
18.261568784713745,-0.008260336917835759,-0.30885201416015623,-0.1867477294921875
18.280492544174194,-0.0018652373685435584,-0.6105214233398437,-0.21308394775390624
18.30057430267334,-0.006261868308681946,-0.42377369384765623,-0.19153613281249998
18.321009635925293,-0.005196018383799912,-0.43574470214843747,-0.22744915771484372
18.34052348136902,-0.005995405827461438,-0.4477157104492187,-0.19871873779296872
18.361250638961792,-0.005196018383799912,-0.45489831542968745,-0.22026655273437498
18.38050675392151,-0.005329249624410167,-0.4572925170898437,-0.22026655273437498
18.400581121444702,-0.006528330789902454,-0.469263525390625,-0.2154781494140625
18.420921087265015,-0.005196018383799912,-0.43574470214843747,-0.21068974609375
18.440632581710815,-0.0057289433462409285,-0.4644751220703125,-0.19393033447265623
18.460869789123535,-0.007194486992953725,-0.612915625,-0.18914193115234373
18.48060631752014,-0.005462480865020421,-0.3232172241210937,-0.2346317626953125
18.50058627128601,0.03290811643073278,-0.3136404174804687,-0.20829554443359374
18.520848989486694,-0.006128637068071691,-0.3447650390625,-0.20829554443359374
18.54054307937622,-0.0030643185340358454,-0.4572925170898437,-0.20350714111328125
18.561222076416016,-0.002531393571594829,-0.45489831542968745,-0.22266075439453123
18.580726146697998,0.0018652373685435584,-0.44053310546874996,-0.22505495605468748
18.60054039955139,-0.005196018383799912,-0.48123453369140623,-0.19153613281249998
18.62092137336731,-0.0063950995492922,-0.612915625,-0.21308394775390624
18.640461921691895,-0.000799387443661525,-0.4740519287109375,-0.2442085693359375
18.66080403327942,-0.006128637068071691,-0.43574470214843747,-0.19871873779296872
18.680488109588623,-0.0063950995492922,-0.45489831542968745,-0.19632453613281248
18.700525999069214,-0.004263399699528133,-0.4429273071289062,-0.2154781494140625
18.72094488143921,-0.004263399699528133,-0.3136404174804687,-0.20829554443359374
18.740540027618408,-0.004263399699528133,-0.603338818359375,-0.23702596435546874
18.76105523109436,-0.002797856052815337,-0.4261678955078125,-0.2059013427734375
18.780642986297607,-0.0018652373685435584,-0.3184288208007812,-0.1867477294921875
18.80106472969055,-0.005995405827461438,-0.4429273071289062,-0.22026655273437498
18.821332693099976,-0.007194486992953725,-0.43574470214843747,-0.22744915771484372
18.84077763557434,-0.009459418083328047,-0.4429273071289062,-0.20829554443359374
18.861352682113647,-0.004929555902579405,-0.47884033203125,-0.21308394775390624
18.8804829120636,-0.0037304747370871167,-0.4477157104492187,-0.23223756103515625
18.90074920654297,-0.008793261880276773,-0.45010991210937495,-0.201112939453125
18.92057514190674,-0.005995405827461438,-0.39264907226562495,-0.21308394775390624
18.940082788467407,-0.00479632466196915,-0.45968671875,-0.22026655273437498
18.960590600967407,-0.006928024511733216,-0.46686932373046874,-0.2059013427734375
18.980152130126953,-0.007194486992953725,-0.4261678955078125,-0.19632453613281248
19.00064778327942,-0.0037304747370871167,-0.316034619140625,-0.2059013427734375
19.020538091659546,-0.006128637068071691,-0.47884033203125,-0.22026655273437498
19.040144443511963,-0.005595712105630674,-0.44053310546874996,-0.2059013427734375
19.060028791427612,-0.007194486992953725,-0.4381389038085937,-0.23702596435546874
19.08031439781189,-0.007993874436615249,-0.4070142822265625,-0.20829554443359374
19.100099563598633,-0.00479632466196915,-0.45010991210937495,-0.1867477294921875
19.120263814926147,-0.006128637068071691,-0.43574470214843747,-0.2346317626953125
19.140009880065918,-0.006128637068071691,-0.4860229370117187,-0.21787235107421873
19.160173654556274,-0.005462480865020421,-0.46686932373046874,-0.22744915771484372
19.18021297454834,-0.0014655436467127959,-0.47165772705078124,-0.22744915771484372
19.201322555541992,-0.0013323124061025418,-0.4213794921875,-0.19871873779296872
19.220539093017578,-0.005062787143189658,-0.45968671875,-0.239420166015625
19.240158081054688,-0.005062787143189658,-0.4477157104492187,-0.19153613281249998
19.260941743850708,-0.006794793271122962,-0.4644751220703125,-0.23223756103515625
19.28058123588562,-0.004663093421358896,-0.4261678955078125,-0.1771709228515625
19.300305128097534,-0.0039969372183076245,-0.46208092041015625,-0.19393033447265623
19.320802688598633,-0.008260336917835759,-0.4261678955078125,-0.239420166015625
19.34013843536377,-0.004396630940138387,-0.47884033203125,-0.21787235107421873
19.360273361206055,-0.002398162330984575,-0.48123453369140623,-0.2346317626953125
19.380580186843872,-0.008526799399056265,-0.4429273071289062,-0.20350714111328125
19.400283575057983,-0.0039969372183076245,-0.46686932373046874,-0.20829554443359374
19.420462608337402,-0.004263399699528133,-0.46208092041015625,-0.20350714111328125
19.440152645111084,-0.002531393571594829,-0.42377369384765623,-0.21787235107421873
19.460320711135864,-0.0030643185340358454,-0.4572925170898437,-0.2154781494140625
19.4803683757782,-0.005062787143189658,-0.6009446166992187,-0.22026655273437498
19.500452518463135,-0.004396630940138387,-0.612915625,-0.18914193115234373
19.520394563674927,-0.004929555902579405,-0.4070142822265625,-0.20829554443359374
19.540268182754517,-0.005995405827461438,-0.44053310546874996,-0.17956512451171874
19.56013011932373,-0.006661562030512709,-0.45010991210937495,-0.19153613281249998
19.580326795578003,-0.0063950995492922,-0.45968671875,-0.18435352783203124
19.600187301635742,-0.0030643185340358454,-0.45489831542968745,-0.19871873779296872
19.62042784690857,-0.006661562030512709,-0.47165772705078124,-0.19153613281249998
19.640496492385864,-0.005995405827461438,-0.45968671875,-0.20829554443359374
19.660088300704956,-0.004929555902579405,-0.4477157104492187,-0.2346317626953125
19.68021821975708,-0.006928024511733216,-0.44532150878906246,-0.22026655273437498
19.700292348861694,-0.006128637068071691,-0.6081272216796875,-0.17956512451171874
19.720524549484253,-0.0031975497746461,-0.3184288208007812,-0.19871873779296872
19.740067958831787,-0.00479632466196915,-0.5147533569335937,-0.2154781494140625
19.76007080078125,-0.0075941807147844875,-0.4429273071289062,-0.22505495605468748
19.7801353931427,-0.005329249624410167,-0.45489831542968745,-0.23223756103515625
19.800336360931396,-0.007061255752343471,-0.6057330200195312,-0.20829554443359374
19.820579290390015,-0.006528330789902454,-0.45489831542968745,-0.21308394775390624
19.840065717697144,-0.007194486992953725,-0.46208092041015625,-0.22026655273437498
19.86042022705078,-0.008526799399056265,-0.4477157104492187,-0.21068974609375
19.880611896514893,-0.009059724361497283,-0.4429273071289062,-0.19871873779296872
19.90026354789734,-0.002531393571594829,-0.430956298828125,-0.18435352783203124
19.920921325683594,-0.007727411955394742,-0.47884033203125,-0.22744915771484372
19.94020438194275,-0.0057289433462409285,-0.4213794921875,-0.21068974609375
19.960814476013184,-0.004396630940138387,-0.4572925170898437,-0.258573779296875
19.980264902114868,-0.0073277182335639785,-0.45489831542968745,-0.18914193115234373
20.00057816505432,-0.002264931090374321,-0.45968671875,-0.2059013427734375
20.020381212234497,-0.005462480865020421,-0.45010991210937495,-0.19632453613281248
20.04027247428894,-0.008393568158446012,-0.6057330200195312,-0.17238251953125
20.06050729751587,-0.006661562030512709,-0.6081272216796875,-0.23223756103515625
20.080409049987793,-0.004929555902579405,-0.469263525390625,-0.21308394775390624
20.1002197265625,-0.007061255752343471,-0.44053310546874996,-0.1867477294921875
20.12079119682312,-0.004263399699528133,-0.45489831542968745,-0.22505495605468748
20.14066767692566,-0.007061255752343471,-0.4644751220703125,-0.239420166015625
20.160277366638184,-0.005062787143189658,-0.47644613037109373,-0.21787235107421873
20.180453062057495,-0.0057289433462409285,-0.4333505004882812,-0.20829554443359374
20.20047903060913,-0.008793261880276773,-0.4285620971679687,-0.2154781494140625
20.220447301864624,-0.0029310872934255917,-0.4525041137695312,-0.23223756103515625
20.240339040756226,-0.005595712105630674,-0.30885201416015623,-0.19632453613281248
20.261104822158813,-0.0021316998497640663,-0.46686932373046874,-0.23223756103515625
20.280498266220093,-0.0037304747370871167,-0.30885201416015623,-0.22744915771484372
20.300117015838623,-0.006928024511733216,-0.45010991210937495,-0.19632453613281248
20.32040786743164,-0.006661562030512709,-0.4477157104492187,-0.2346317626953125
20.340150117874146,-0.003863705977697371,-0.45968671875,-0.2059013427734375
20.360262393951416,-0.00159877488732305,-0.430956298828125,-0.21787235107421873
20.38050889968872,-0.004929555902579405,-0.47165772705078124,-0.23223756103515625
20.400378465652466,-0.0031975497746461,-0.41419688720703124,-0.229843359375
20.420292854309082,-0.004929555902579405,-0.47884033203125,-0.19871873779296872
20.44022560119629,-0.003863705977697371,-0.44053310546874996,-0.2154781494140625
20.46040153503418,-0.0021316998497640663,-0.4285620971679687,-0.20829554443359374
20.48027801513672,-0.0014655436467127959,-0.4213794921875,-0.20829554443359374
20.500173568725586,-0.002531393571594829,-0.59376201171875,-0.20350714111328125
20.52042317390442,-0.004529862180748642,-0.45489831542968745,-0.21068974609375
20.5402729511261,-0.003464012255866608,-0.45968671875,-0.21308394775390624
20.560280084609985,-0.008260336917835759,-0.4740519287109375,-0.1867477294921875
20.580479383468628,-0.007194486992953725,-0.44053310546874996,-0.19632453613281248
20.60028862953186,-0.004929555902579405,-0.44053310546874996,-0.21787235107421873
20.620431423187256,-0.0039969372183076245,-0.4381389038085937,-0.20829554443359374
20.640321731567383,-0.005329249624410167,-0.4261678955078125,-0.18914193115234373
20.660022020339966,-0.0037304747370871167,-0.4333505004882812,-0.22266075439453123
20.680350065231323,-0.004663093421358896,-0.469263525390625,-0.22505495605468748
20.700059413909912,-0.005196018383799912,-0.43574470214843747,-0.21308394775390624
20.7203848361969,-0.005329249624410167,-0.430956298828125,-0.23702596435546874
20.74005627632141,-0.005462480865020421,-0.45968671875,-0.2154781494140625
20.76018738746643,-0.002797856052815337,-0.4740519287109375,-0.201112939453125
20.780163288116455,-0.0063950995492922,-0.316034619140625,-0.18435352783203124
20.800042629241943,-0.006261868308681946,-0.6009446166992187,-0.21308394775390624
20.82062816619873,-0.0037304747370871167,-0.47884033203125,-0.22026655273437498
20.840515851974487,-0.005196018383799912,-0.4165910888671875,-0.19632453613281248
20.86023473739624,-0.0063950995492922,-0.4429273071289062,-0.22744915771484372
20.88037872314453,-0.010258805526989571,-0.411802685546875,-0.21787235107421873
20.90022349357605,-0.004529862180748642,-0.4644751220703125,-0.2442085693359375
20.920675039291382,-0.006261868308681946,-0.5913678100585937,-0.201112939453125
20.940757274627686,-0.0039969372183076245,-0.4333505004882812,-0.19871873779296872
20.960384368896484,-0.005462480865020421,-0.612915625,-0.19871873779296872
20.980231523513794,-0.007727411955394742,-0.4572925170898437,-0.20350714111328125
21.0003502368927,-0.005995405827461438,-0.47884033203125,-0.181959326171875
21.020504474639893,-0.0033307810152563544,-0.4285620971679687,-0.20350714111328125
21.04018545150757,-0.0057289433462409285,-0.4381389038085937,-0.20829554443359374
21.06058669090271,-0.0003996937218307625,-0.6081272216796875,-0.25139117431640623
21.080084085464478,-0.004529862180748642,-0.46208092041015625,-0.23223756103515625
21.100998401641846,-0.001732006127933304,-0.6081272216796875,-0.2154781494140625
21.120543956756592,-0.0037304747370871167,-0.45968671875,-0.229843359375
21.140161991119385,-0.0058621745868511835,-0.47644613037109373,-0.21787235107421873
21.160253286361694,-0.002797856052815337,-0.3854664672851562,-0.21068974609375
21.180079698562622,-0.005062787143189658,-0.469263525390625,-0.23702596435546874
21.20015525817871,-0.002398162330984575,-0.40462008056640625,-0.1867477294921875
21.220936059951782,0.0013323124061025418,-0.4477157104492187,-0.21068974609375
21.242028951644897,-0.008526799399056265,-0.43574470214843747,-0.2442085693359375
21.263649940490723,-0.0021316998497640663,-0.612915625,-0.2346317626953125
21.281723499298096,-0.0058621745868511835,-0.47644613037109373,-0.1771709228515625
21.301244258880615,-0.0057289433462409285,-0.49799394531249996,-0.22505495605468748
21.320491790771484,-0.004263399699528133,-0.46208092041015625,-0.21308394775390624
21.340523958206177,-0.004529862180748642,-0.44053310546874996,-0.201112939453125
21.360593557357788,-0.0058621745868511835,-0.46686932373046874,-0.19393033447265623
21.38027858734131,-0.0037304747370871167,-0.47884033203125,-0.23702596435546874
21.400248050689697,-0.0018652373685435584,-0.469263525390625,-0.22505495605468748
21.420304775238037,-0.006661562030512709,-0.4525041137695312,-0.201112939453125
21.44004225730896,-0.0057289433462409285,-0.3950432739257812,-0.22266075439453123
21.46094536781311,-0.0013323124061025418,-0.6105214233398437,-0.229843359375
21.481168746948242,-0.004529862180748642,-0.4740519287109375,-0.2059013427734375
21.501123428344727,-0.003863705977697371,-0.430956298828125,-0.24899697265624998
21.52194857597351,-0.007061255752343471,-0.46208092041015625,-0.2154781494140625
21.54082489013672,-0.005062787143189658,-0.43574470214843747,-0.17238251953125
21.560407876968384,-0.006528330789902454,-0.43574470214843747,-0.2059013427734375
21.580170392990112,-0.0074609494741742334,-0.4429273071289062,-0.22266075439453123
21.60035490989685,-0.0057289433462409285,-0.4572925170898437,-0.19871873779296872
21.620354890823364,-0.005196018383799912,-0.4477157104492187,-0.21787235107421873
21.640230655670166,-0.0019984686091538122,-0.46686932373046874,-0.22505495605468748
21.660194873809814,-0.006261868308681946,-0.45968671875,-0.2154781494140625
21.68021297454834,-0.0018652373685435584,-0.603338818359375,-0.20829554443359374
21.700152158737183,-0.004396630940138387,-0.48123453369140623,-0.201112939453125
21.720553636550903,-0.0031975497746461,-0.40940848388671874,-0.21068974609375
21.74032425880432,-0.008526799399056265,-0.46686932373046874,-0.22266075439453123
21.76024341583252,-0.0035972434964768626,-0.3112462158203125,-0.1867477294921875
21.780200958251953,-0.006128637068071691,-0.44532150878906246,-0.22505495605468748
21.800198078155518,-0.0031975497746461,-0.4644751220703125,-0.17477672119140625
21.820285081863403,-0.007194486992953725,-0.4860229370117187,-0.16998831787109375
21.840023040771484,-0.005062787143189658,-0.43574470214843747,-0.21068974609375
21.860342025756836,-0.00159877488732305,-0.4381389038085937,-0.21308394775390624
21.88049864768982,-0.005595712105630674,-0.46686932373046874,-0.22026655273437498
21.900063037872314,-0.004929555902579405,-0.430956298828125,-0.26336218261718747
21.920363426208496,-0.006794793271122962,-0.4213794921875,-0.20829554443359374
21.940302848815918,-0.00479632466196915,-0.4525041137695312,-0.22266075439453123
21.9603533744812,-0.005595712105630674,-0.45010991210937495,-0.1867477294921875
21.980527639389038,-0.0029310872934255917,-0.32082302246093747,-0.19871873779296872
22.000510692596436,-0.0030643185340358454,-0.39983167724609375,-0.17238251953125
22.020299434661865,-0.008127105677225504,-0.4477157104492187,-0.2154781494140625
22.040309190750122,-0.005196018383799912,-0.45010991210937495,-0.2154781494140625
22.060477256774902,-0.007061255752343471,-0.46686932373046874,-0.23223756103515625
22.079994201660156,-0.002398162330984575,-0.46208092041015625,-0.2154781494140625
22.10003352165222,-0.004929555902579405,-0.4285620971679687,-0.2154781494140625
22.120316982269287,-0.005062787143189658,-0.44053310546874996,-0.19632453613281248
22.14013361930847,-0.005062787143189658,-0.45968671875,-0.2537853759765625
22.159985065460205,-0.0035972434964768626,-0.32082302246093747,-0.2154781494140625
22.179993152618408,-0.0074609494741742334,-0.584185205078125,-0.258573779296875
22.200519800186157,-0.0019984686091538122,-0.46208092041015625,-0.2059013427734375
22.220340490341187,-0.0039969372183076245,-0.45010991210937495,-0.21787235107421873
22.24005913734436,-0.006128637068071691,-0.45489831542968745,-0.2561795776367187
22.260859727859497,-0.007061255752343471,-0.45968671875,-0.16041151123046873
22.280296564102173,-0.004396630940138387,-0.4070142822265625,-0.18435352783203124
22.300148487091064,-0.0013323124061025418,-0.47165772705078124,-0.2346317626953125
22.32015562057495,-0.004663093421358896,-0.48123453369140623,-0.22744915771484372
22.340559005737305,-0.004396630940138387,-0.45010991210937495,-0.21308394775390624
22.36033797264099,-0.006261868308681946,-0.469263525390625,-0.229843359375
22.3804132938385,-0.002398162330984575,-0.43574470214843747,-0.20350714111328125
22.400768518447876,-0.005329249624410167,-0.4285620971679687,-0.22505495605468748
22.420403718948364,-0.005329249624410167,-0.4572925170898437,-0.21308394775390624
22.440406799316406,0.0334410413931738,-0.4477157104492187,-0.2154781494140625
22.460716724395752,-0.005062787143189658,-0.42377369384765623,-0.18914193115234373
22.48017907142639,-0.003464012255866608,-0.45010991210937495,-0.24899697265624998
22.500571727752686,-0.0029310872934255917,-0.4525041137695312,-0.2154781494140625
22.520336389541626,-0.0035972434964768626,-0.4740519287109375,-0.19871873779296872
22.540459394454956,-0.003863705977697371,-0.430956298828125,-0.22505495605468748
22.56044912338257,-0.007727411955394742,-0.41419688720703124,-0.19871873779296872
22.580548763275146,-0.004663093421358896,-0.4740519287109375,-0.2154781494140625
22.600268125534058,-0.005595712105630674,-0.4477157104492187,-0.2154781494140625
22.620315074920654,-0.0058621745868511835,-0.59376201171875,-0.19153613281249998
22.640307426452637,-0.006261868308681946,-0.45010991210937495,-0.21068974609375
22.660061597824097,-0.007860643196004996,-0.45489831542968745,-0.18914193115234373
22.679959297180176,-0.0058621745868511835,-0.3112462158203125,-0.19153613281249998
22.70040249824524,-0.005062787143189658,-0.4333505004882812,-0.19632453613281248
22.720185041427612,-0.0018652373685435584,-0.43574470214843747,-0.19871873779296872
22.740630388259888,-0.00479632466196915,-0.44053310546874996,-0.19871873779296872
22.760344743728638,-0.005329249624410167,-0.46686932373046874,-0.19871873779296872
22.780137538909912,-0.0074609494741742334,-0.46208092041015625,-0.23223756103515625
22.800076484680176,-0.0019984686091538122,-0.46208092041015625,-0.16998831787109375
22.82032299041748,-0.00479632466196915,-0.45489831542968745,-0.23702596435546874
22.840090036392212,-0.005329249624410167,-0.43574470214843747,-0.19153613281249998
22.860771417617798,-0.003464012255866608,-0.612915625,-0.23702596435546874
22.88039517402649,-0.008260336917835759,-0.3112462158203125,-0.18914193115234373
22.90021324157715,-0.008260336917835759,-0.316034619140625,-0.21787235107421873
22.920509576797485,-0.0026646248122050836,-0.4285620971679687,-0.19393033447265623
22.940534114837646,-0.007727411955394742,-0.45489831542968745,-0.19393033447265623
22.960564613342285,-0.0058621745868511835,-0.6081272216796875,-0.22266075439453123
22.9803466796875,-0.008526799399056265,-0.45968671875,-0.20350714111328125
23.000802993774414,-0.005462480865020421,-0.45968671875,-0.26336218261718747
23.0205717086792,-0.006794793271122962,-0.4525041137695312,-0.2154781494140625
23.040340423583984,-0.007993874436615249,-0.4333505004882812,-0.22744915771484372
23.06035804748535,-0.006794793271122962,-0.4644751220703125,-0.23223756103515625
23.080340147018433,-0.00479632466196915,-0.47165772705078124,-0.20829554443359374
23.100127458572388,-0.005595712105630674,-0.45010991210937495,-0.18914193115234373
23.120407819747925,-0.005196018383799912,-0.44532150878906246,-0.24660277099609373
23.14034628868103,-0.0031975497746461,-0.40940848388671874,-0.2346317626953125
23.160167932510376,-0.006528330789902454,-0.43574470214843747,-0.2059013427734375
23.180296421051025,-0.005196018383799912,-0.4525041137695312,-0.24899697265624998
23.20016574859619,-0.009459418083328047,-0.3112462158203125,-0.19632453613281248
23.220291137695312,-0.002797856052815337,-0.507570751953125,-0.21068974609375
23.240103483200073,-0.006528330789902454,-0.411802685546875,-0.22026655273437498
23.260912656784058,-0.002531393571594829,-0.5985504150390625,-0.19871873779296872
23.28025484085083,-0.005062787143189658,-0.4381389038085937,-0.24660277099609373
23.300254106521606,-0.004663093421358896,-0.4429273071289062,-0.21308394775390624
23.320449113845825,-0.00159877488732305,-0.45968671875,-0.2059013427734375
23.34041428565979,-0.004663093421358896,-0.45489831542968745,-0.18435352783203124
23.36036777496338,-0.00479632466196915,-0.47165772705078124,-0.21068974609375
23.380276441574097,-0.002398162330984575,-0.4381389038085937,-0.21787235107421873
23.40010356903076,-0.0021316998497640663,-0.45489831542968745,-0.22744915771484372
23.42034649848938,-0.0019984686091538122,-0.4381389038085937,-0.1771709228515625
23.44024348258972,-0.0030643185340358454,-0.3232172241210937,-0.21787235107421873
23.460320711135864,-0.007194486992953725,-0.32082302246093747,-0.21068974609375
23.480030298233032,-0.002531393571594829,-0.4477157104492187,-0.21308394775390624
23.5001163482666,-0.004529862180748642,-0.43574470214843747,-0.21787235107421873
23.520264625549316,-0.0075941807147844875,-0.45489831542968745,-0.23702596435546874
23.54002070426941,-0.006794793271122962,-0.45968671875,-0.22266075439453123
23.56002116203308,-0.007194486992953725,-0.4381389038085937,-0.18435352783203124
23.58015203475952,-0.005062787143189658,-0.4644751220703125,-0.1771709228515625
23.599952220916748,-0.007727411955394742,-0.44532150878906246,-0.25139117431640623
23.620311498641968,-0.003863705977697371,-0.4740519287109375,-0.17956512451171874
23.640238046646118,-0.005462480865020421,-0.4213794921875,-0.22505495605468748
23.660004377365112,-0.004929555902579405,-0.3112462158203125,-0.21787235107421873
23.680184602737427,-0.002264931090374321,-0.42377369384765623,-0.19153613281249998
23.700043201446533,-0.005329249624410167,-0.41419688720703124,-0.2059013427734375
23.720582723617554,-0.0075941807147844875,-0.46686932373046874,-0.17956512451171874
23.74006676673889,-0.003863705977697371,-0.4572925170898437,-0.22026655273437498
23.760286569595337,-0.006794793271122962,-0.4477157104492187,-0.2154781494140625
23.780245065689087,-0.004529862180748642,-0.43574470214843747,-0.20829554443359374
23.8002667427063,-0.004396630940138387,-0.45489831542968745,-0.201112939453125
23.820552825927734,-0.007194486992953725,-0.5793968017578125,-0.19153613281249998
23.840407133102417,-0.0063950995492922,-0.316034619140625,-0.229843359375
23.86018681526184,-0.007727411955394742,-0.4381389038085937,-0.20350714111328125
23.880245208740234,-0.0057289433462409285,-0.4429273071289062,-0.1867477294921875
23.9001247882843,-0.005995405827461438,-0.430956298828125,-0.2154781494140625
23.92040991783142,-0.006128637068071691,-0.4333505004882812,-0.2059013427734375
23.940248012542725,-0.006928024511733216,-0.47165772705078124,-0.22026655273437498
23.960432052612305,-0.007194486992953725,-0.47644613037109373,-0.19153613281249998
23.980153799057007,-0.0030643185340358454,-0.45968671875,-0.20350714111328125
24.00018835067749,-0.004263399699528133,-0.40940848388671874,-0.19632453613281248
24.020686149597168,-0.0014655436467127959,-0.4908113403320312,-0.19393033447265623
