time_s,x_m,y_m,yaw_rad,vx_m_s,vy_m_s,wz_rad_s
0.029680967330932617,0.0,0.0,0.0,0.0,0.0,0.0
0.12802696228027344,0.0,0.0,0.0,0.0,0.0,0.0
0.22937417030334473,0.0,0.0,0.0,0.0,0.0,0.0
0.3278987407684326,0.0,0.0,0.0,0.0,0.0,0.0
0.4298086166381836,0.0,0.0,0.0,0.0,0.0,0.0
0.5278065204620361,0.0,0.0,0.0,0.0,0.0,0.0
0.6298232078552246,0.0,0.0,0.0,0.0,0.0,0.0
0.7280757427215576,0.0,0.0,0.0,0.0,0.0,0.0
0.8296501636505127,0.0,0.0,0.0,0.0,0.0,0.0
0.928088903427124,0.0,0.0,0.0,0.0,0.0,0.0
1.0299863815307617,0.0,0.0,0.0,0.0,0.0,0.0
1.128270149230957,0.0,0.0,0.0,0.0,0.0,0.0
1.230118989944458,0.0,0.0,0.0,0.0,0.0,0.0
1.3281755447387695,0.0,0.0,0.0,0.0,0.0,0.0
1.4298079013824463,0.0,0.0,0.0,0.0,0.0,0.0
1.52858304977417,0.0,0.0,0.0,0.0,0.0,0.0
1.6300904750823975,0.0,0.0,0.0,0.0,0.0,0.0
1.7286062240600586,0.0,0.0,0.0,0.0,0.0,0.0
1.8299717903137207,0.0,0.0,0.0,0.0,0.0,0.0
1.92848801612854,0.0,0.0,0.0,0.0,0.0,0.0
2.0299923419952393,0.0,0.0,0.0,0.0,0.0,0.0
2.128556966781616,0.0,0.0,0.0,0.0,0.0,0.0
2.2300543785095215,0.0,0.0,0.0,0.0,0.0,0.0
2.3285293579101562,0.0,0.0,0.0,0.0,0.0,0.0
2.4301280975341797,0.0,0.0,0.0,0.0,0.0,0.0
2.5285580158233643,0.0,0.0,0.0,0.0,0.0,0.0
2.630185127258301,0.0,0.0,0.0,0.0,0.0,0.0
2.728754997253418,0.0,0.0,0.0,0.0,0.0,0.0
2.830322027206421,0.0,0.0,0.0,0.0,0.0,0.0
2.928765058517456,0.0,0.0,0.0,0.0,0.0,0.0
3.0304088592529297,0.0,0.0,0.0,0.0,0.0,0.0
3.129162311553955,0.0,0.0,0.0,0.0,0.0,0.0
3.2305386066436768,0.0,0.0,0.0,0.0,0.0,0.0
3.329005718231201,0.0,0.0,0.0,0.0,0.0,0.0
3.4305782318115234,0.0,0.0,0.0,0.0,0.0,0.0
3.529116630554199,0.0,0.0,0.0,0.0,0.0,0.0
3.6311256885528564,0.0,0.0,0.0,0.0,0.0,0.0
3.7291598320007324,0.0,0.0,0.0,0.0,0.0,0.0
3.8308207988739014,0.0,0.0,0.0,0.0,0.0,0.0
3.9292261600494385,0.0,0.0,0.0,0.0,0.0,0.0
4.030790328979492,0.0,0.0,0.0,0.0,0.0,0.0
4.129351854324341,0.0,0.0,0.0,0.0,0.0,0.0
4.230896711349487,0.0,0.0,0.0,0.0,0.0,0.0
4.329411745071411,0.0,0.0,0.0,0.0,0.0,0.0
4.430994510650635,0.0,0.0,0.0,0.0,0.0,0.0
4.529465198516846,0.0,0.0,0.0,0.0,0.0,0.0
4.6310858726501465,0.0,0.0,0.0,0.0,0.0,0.0
4.729535341262817,0.0,0.0,0.0,0.0,0.0,0.0
4.831066370010376,0.0,0.0,0.0,0.0,0.0,0.0
4.929519176483154,0.0,0.0,0.0,0.0,0.0,0.0
5.031269311904907,0.0,0.0,0.0,0.0,0.0,0.0
5.12968373298645,0.0,0.0,0.0,0.0,0.0,0.0
5.231277227401733,0.0,0.0,0.0,0.0,0.0,0.0
5.329737663269043,0.0,0.0,0.0,0.0,0.0,0.0
5.431408405303955,0.0,0.0,0.0,0.0,0.0,0.0
5.5298144817352295,0.0,0.0,0.0,0.0,0.0,0.0
5.631640434265137,0.0,0.0,0.0,0.0,0.0,0.0
5.73011326789856,0.0,0.0,0.0,0.0,0.0,0.0
5.832042932510376,0.0,0.0,0.0,0.0,0.0,0.0
5.930161714553833,0.0,0.0,0.0,0.0,0.0,0.0
6.031802415847778,0.0,0.0,0.0,0.0,0.0,0.0
6.13029670715332,0.0,0.0,0.0,0.0,0.0,0.0
6.2319724559783936,0.0,0.0,0.0,0.0,0.0,0.0
6.3303563594818115,0.0,0.0,0.0,0.0,0.0,0.0
6.432289361953735,0.0,0.0,0.0,0.0,0.0,0.0
6.532115697860718,0.0,0.0,0.0,0.0,0.0,0.0
6.6319756507873535,0.0,0.0,0.0,0.0,0.0,0.0
6.7304527759552,0.0,0.0,0.0,0.0,0.0,0.0
6.831951856613159,0.0,0.0,0.0,0.0,0.0,0.0
6.9304351806640625,0.0,0.0,0.0,0.0,0.0,0.0
7.03211522102356,0.0,0.0,0.0,0.0,0.0,0.0
7.1305317878723145,0.0,0.0,0.0,0.0,0.0,0.0
7.232324123382568,0.0,0.0,0.0,0.0,0.0,0.0
7.3308610916137695,0.0,0.0,0.0,0.0,0.0,0.0
7.432460069656372,0.0,0.0,0.0,0.0,0.0,0.0
7.53074312210083,0.0,0.0,0.0,0.0,0.0,0.0
7.632631063461304,0.0,0.0,0.0,0.0,0.0,0.0
7.730719804763794,0.0,0.0,0.0,0.0,0.0,0.0
7.83260703086853,0.0,0.0,0.0,0.0,0.0,0.0
7.931175470352173,0.0,0.0,0.0,0.0,0.0,0.0
8.032822608947754,0.0,0.0,0.0,0.0,0.0,0.0
8.13118052482605,0.0,0.0,0.0,0.0,0.0,0.0
8.233183860778809,0.0,0.0,0.0,0.0,0.0,0.0
8.331193208694458,0.0,0.0,0.0,0.0,0.0,0.0
8.43318510055542,0.0,0.0,0.0,0.0,0.0,0.0
8.531012296676636,0.0,0.0,0.0,0.0,0.0,0.0
8.63263750076294,0.0,0.0,0.0,0.0,0.0,0.0
8.731044292449951,0.0,0.0,0.0,0.0,0.0,0.0
8.833560705184937,0.0,0.0,0.0,0.0,0.0,0.0
8.931188583374023,0.0,0.0,0.0,0.0,0.0,0.0
9.032871723175049,0.0,0.0,0.0,0.0,0.0,0.0
9.131461381912231,0.0,0.0,0.0,0.0,0.0,0.0
9.233334064483643,0.0,0.0,0.0,0.0,0.0,0.0
9.331548690795898,0.0,0.0,0.0,0.0,0.0,0.0
9.433171272277832,0.0,0.0,0.0,0.0,0.0,0.0
9.62993860244751,0.0,0.0,0.0,0.0,0.0,0.0
9.63543701171875,0.0,0.0,0.0,0.0,0.0,0.0
9.731845617294312,0.0,0.0,0.0,0.0,0.0,0.0
9.83313512802124,0.0,0.0,0.0,0.0,0.0,0.0
9.931636810302734,0.0,0.0,0.0,0.0,0.0,0.0
10.033519268035889,0.0,0.0,0.0,0.0,0.0,0.0
10.131824493408203,0.0,0.0,0.0,0.0,0.0,0.0
10.233497381210327,0.0,0.0,0.0,0.0,0.0,0.0
10.331773519515991,0.0,0.0,0.0,0.0,0.0,0.0
10.433610439300537,0.0,0.0,0.0,0.0,0.0,0.0
10.53205132484436,0.0,0.0,0.0,0.0,0.0,0.0
10.63348650932312,0.0,0.0,0.0,0.0,0.0,0.0
10.73180627822876,0.0,0.0,0.0,0.0,0.0,0.0
10.833499908447266,0.0,0.0,0.0,0.0,0.0,0.0
10.931967735290527,0.0,0.0,0.0,0.0,0.0,0.0
11.033573150634766,0.0,0.0,0.0,0.0,0.0,0.0
11.131919622421265,0.0,0.0,0.0,0.0,0.0,0.0
11.23373818397522,0.0,0.0,0.0,0.0,0.0,0.0
11.332060813903809,0.0,0.0,0.0,0.0,0.0,0.0
11.433662176132202,0.0,0.0,0.0,0.0,0.0,0.0
11.532262086868286,0.0,0.0,0.0,0.0,0.0,0.0
11.63384222984314,0.0,0.0,0.0,0.0,0.0,0.0
11.732153415679932,0.0,0.0,0.0,0.0,0.0,0.0
11.834360361099243,0.0,0.0,0.0,0.0,0.0,0.0
11.932234525680542,0.0,0.0,0.0,0.0,0.0,0.0
12.034486293792725,0.0,0.0,0.0,0.0,0.0,0.0
12.133490800857544,0.0,0.0010000000000000009,0.0015300000000000313,0.009,0.0,0.010471975511965976
12.234228372573853,0.0,0.0040000000000000036,0.0030600000000000627,0.0365,0.0,0.010471975511965976
12.332454204559326,0.0019999999999997797,0.01100000000000001,0.0015300000000000313,0.078,0.0,-0.003490658503988659
12.434191942214966,0.0040000000000000036,0.02099999999999999,0.0015300000000000313,0.1,0.0,0.0
12.532524347305298,0.005999999999999783,0.033,0.0030600000000000627,0.1315,0.0,0.0
12.634167432785034,0.008999999999999897,0.048,0.0015300000000000313,0.1525,0.0,0.0
12.73257064819336,0.011999999999999567,0.063,0.0015300000000000313,0.146,0.0,0.0
12.834180116653442,0.01499999999999968,0.077,0.0030600000000000627,0.1485,0.0,0.006981317007977318
12.933003664016724,0.017999999999999794,0.092,0.0030600000000000627,0.1515,0.0,0.0
13.034322023391724,0.020999999999999908,0.10700000000000001,0.0030600000000000627,0.148,0.0,0.003490658503988659
13.133003234863281,0.023999999999999577,0.121,0.0030600000000000627,0.1515,0.0,-0.003490658503988659
13.23447299003601,0.02699999999999969,0.136,0.0015300000000000313,0.149,0.0,-0.003490658503988659
13.332909345626831,0.029999999999999805,0.151,0.0030600000000000627,0.1485,0.0,0.006981317007977318
13.434886932373047,0.03299999999999992,0.165,0.0030600000000000627,0.1495,0.0,-0.003490658503988659
13.533026456832886,0.03599999999999959,0.18,0.0030600000000000627,0.149,0.0,0.003490658503988659
13.634629011154175,0.0389999999999997,0.195,0.0030600000000000627,0.149,0.0,-0.003490658503988659
13.733113765716553,0.041999999999999815,0.20900000000000002,0.0030600000000000627,0.1495,0.0,0.0
13.834991693496704,0.04499999999999993,0.224,0.0030600000000000627,0.1475,0.0,0.0
13.933384656906128,0.0479999999999996,0.239,0.0030600000000000627,0.1495,0.0,0.0
14.034984111785889,0.05099999999999971,0.253,0.0030600000000000627,0.1495,0.0,0.0
14.135185718536377,0.052999999999999936,0.268,0.0030600000000000627,0.1485,0.0,0.0
14.235384941101074,0.055999999999999606,0.28300000000000003,0.0030600000000000627,0.15,0.0,0.0
14.333223581314087,0.05899999999999972,0.29800000000000004,0.0015300000000000313,0.1485,0.0,0.0
14.434902906417847,0.06199999999999983,0.312,0.0015300000000000313,0.1485,0.0,0.0
14.533386945724487,0.06499999999999995,0.327,0.0030600000000000627,0.1485,0.0,0.0
14.634881973266602,0.06799999999999962,0.34199999999999997,0.0030600000000000627,0.1495,0.0,0.0
14.733994007110596,0.07099999999999973,0.356,0.0015300000000000313,0.15,0.0,0.0
14.83526873588562,0.07399999999999984,0.371,0.0030600000000000627,0.15,0.0,0.0
14.933868646621704,0.07699999999999996,0.386,0.0015300000000000313,0.149,0.0,0.0
15.03513765335083,0.07999999999999963,0.4,0.0015300000000000313,0.148,0.0,0.0
15.133567333221436,0.08299999999999974,0.41500000000000004,0.0030600000000000627,0.15,0.0,0.0
15.235198736190796,0.08599999999999985,0.43000000000000005,0.0030600000000000627,0.149,0.0,0.0
15.333823204040527,0.08899999999999997,0.44399999999999995,0.0030600000000000627,0.1485,0.0,0.0
15.435405492782593,0.09199999999999964,0.45899999999999996,0.0030600000000000627,0.1495,0.0,0.0
15.533753395080566,0.09499999999999975,0.474,0.0030600000000000627,0.1495,0.0,0.0
15.635327100753784,0.09799999999999986,0.488,0.0030600000000000627,0.1485,0.0,0.0
15.734153509140015,0.10099999999999998,0.503,0.0030600000000000627,0.149,0.0,0.0
15.835586309432983,0.10399999999999965,0.518,0.0030600000000000627,0.15,0.0,0.0
15.933865547180176,0.10699999999999976,0.532,0.0030600000000000627,0.148,0.0,0.0
16.035638570785522,0.10999999999999988,0.547,0.0030600000000000627,0.148,0.0,0.0
16.134023189544678,0.11299999999999999,0.562,0.0030600000000000627,0.15,0.0,0.0
16.23555040359497,0.11599999999999966,0.576,0.0030600000000000627,0.149,0.0,0.0
16.333980560302734,0.11899999999999977,0.591,0.0030600000000000627,0.149,0.0,0.0
16.43589496612549,0.12199999999999989,0.606,0.0030600000000000627,0.1495,0.0,0.0
16.534563779830933,0.125,0.621,0.0030600000000000627,0.149,0.0,0.0
16.63561725616455,0.12699999999999978,0.635,0.0030600000000000627,0.1485,0.0,0.0
16.734285593032837,0.1299999999999999,0.65,0.0030600000000000627,0.151,0.0,0.0
16.835755586624146,0.13299999999999956,0.664,0.0030600000000000627,0.148,0.0,0.0
16.934221982955933,0.13599999999999968,0.679,0.0030600000000000627,0.149,0.0,0.0
17.03585171699524,0.1389999999999998,0.6940000000000001,0.0030600000000000627,0.149,0.0,0.0
17.13422656059265,0.1419999999999999,0.7090000000000001,0.0030600000000000627,0.1495,0.0,0.0
17.237016439437866,0.14499999999999957,0.7230000000000001,0.0030600000000000627,0.149,0.0,0.0
17.334630966186523,0.1479999999999997,0.738,0.0015300000000000313,0.1495,0.0,0.0
17.436123371124268,0.1509999999999998,0.753,0.0015300000000000313,0.149,0.0,0.0
17.534560203552246,0.15399999999999991,0.767,0.0030600000000000627,0.15,0.0,0.0
17.636298656463623,0.15699999999999958,0.782,0.0015300000000000313,0.1475,0.0,0.0
17.734530448913574,0.1599999999999997,0.797,0.0030600000000000627,0.1495,0.0,0.0
17.836111307144165,0.1629999999999998,0.811,0.0015300000000000313,0.1485,0.0,0.0
17.9346182346344,0.16599999999999993,0.8260000000000001,0.0030600000000000627,0.1495,0.0,0.0
18.03612494468689,0.1689999999999996,0.8410000000000001,0.0015300000000000313,0.149,0.0,-0.003490658503988659
18.1348295211792,0.1719999999999997,0.855,0.0030600000000000627,0.149,0.0,0.003490658503988659
18.236498594284058,0.17499999999999982,0.87,0.0030600000000000627,0.1495,0.0,0.0
18.334794759750366,0.17799999999999994,0.885,0.0030600000000000627,0.1495,0.0,0.0
18.436400890350342,0.1809999999999996,0.899,0.0015300000000000313,0.149,0.0,0.0
18.53476905822754,0.18399999999999972,0.914,0.0030600000000000627,0.1485,0.0,0.0
18.6374032497406,0.18699999999999983,0.929,0.0030600000000000627,0.15,0.0,0.0
18.734965562820435,0.18999999999999995,0.9430000000000001,0.0030600000000000627,0.1495,0.0,0.0
18.836649179458618,0.19299999999999962,0.9580000000000001,0.0030600000000000627,0.1485,0.0,0.0
18.93493962287903,0.19599999999999973,0.9730000000000001,0.0030600000000000627,0.15,0.0,0.0
19.036616563796997,0.19899999999999984,0.987,0.0015300000000000313,0.148,0.0,0.0
19.13514804840088,0.20199999999999996,1.002,0.0030600000000000627,0.1495,0.0,0.0
19.23674488067627,0.20399999999999974,1.016,0.0030600000000000627,0.1355,0.0,0.0
19.335237741470337,0.20699999999999985,1.027,0.0015300000000000313,0.1115,0.0,-0.003490658503988659
19.436763763427734,0.20799999999999974,1.035,0.0030600000000000627,0.073,0.0,0.010471975511965976
19.535616397857666,0.20899999999999963,1.04,0.0030600000000000627,0.0455,0.0,-0.003490658503988659
19.63693881034851,0.20899999999999963,1.042,0.0030600000000000627,0.017,0.0,0.0
19.735808849334717,0.20899999999999963,1.042,0.0015300000000000313,0.001,0.0,-0.003490658503988659
19.837015628814697,0.20899999999999963,1.042,0.0015300000000000313,0.0,0.0,0.0
19.935530424118042,0.20899999999999963,1.042,0.0015300000000000313,0.0,0.0,0.0
20.036937475204468,0.20899999999999963,1.042,0.0015300000000000313,0.0,0.0,0.0
20.135735988616943,0.20899999999999963,1.042,0.0015300000000000313,0.0,0.0,0.0
20.23763871192932,0.20899999999999963,1.042,0.0015300000000000313,-0.0005,0.0,0.0
20.33565664291382,0.20899999999999963,1.042,0.006120000000000125,0.001,0.0,0.03490658503988659
20.43737554550171,0.20899999999999963,1.042,0.02448000000000028,0.002,0.0,0.18849555921538758
20.536277770996094,0.20899999999999963,1.042,0.0520200000000004,-0.002,0.0,0.2687807048071268
20.637428522109985,0.20899999999999963,1.042,0.07650000000000068,-0.0035,0.0,0.24434609527920614
20.735718250274658,0.20899999999999963,1.042,0.09945000000000048,0.0005,0.0,0.2303834612632515
20.83737826347351,0.20899999999999963,1.042,0.12393000000000032,0.002,0.0,0.24783675378319478
20.935689210891724,0.20899999999999963,1.042,0.1484100000000006,-0.003,0.0,0.24085543677521748
21.037378311157227,0.20899999999999963,1.042,0.1728900000000011,-0.0005,0.0,0.24783675378319478
21.135905265808105,0.20899999999999963,1.042,0.1973700000000005,0.0015,0.0,0.24434609527920614
21.23752784729004,0.20899999999999963,1.042,0.22032000000000052,-0.0005,0.0,0.23387411976724018
21.3358952999115,0.20899999999999963,1.042,0.24480000000000102,-0.0005,0.0,0.24434609527920614
21.43768072128296,0.20899999999999963,1.042,0.2708100000000009,-0.0005,0.0,0.25132741228718347
21.53605818748474,0.20899999999999963,1.042,0.2937600000000007,-0.0025,0.0,0.2303834612632515
21.637587070465088,0.20899999999999963,1.042,0.31824000000000074,0.001,0.0,0.24085543677521748
21.736019134521484,0.20899999999999963,1.042,0.34272000000000125,0.0,0.0,0.24434609527920614
21.837631940841675,0.20899999999999963,1.042,0.3672000000000004,-0.0015,0.0,0.24434609527920614
21.936218738555908,0.20899999999999963,1.042,0.3916800000000007,0.0005,0.0,0.23736477827122882
22.03788423538208,0.20899999999999963,1.042,0.41616000000000164,-0.001,0.0,0.24434609527920614
22.136219263076782,0.20899999999999963,1.042,0.4406400000000006,-0.0005,0.0,0.24783675378319478
22.237895965576172,0.20899999999999963,1.042,0.46359000000000106,-0.001,0.0,0.23736477827122882
22.33766770362854,0.20899999999999963,1.042,0.4896000000000007,-0.001,0.0,0.24434609527920614
22.43797779083252,0.20899999999999963,1.042,0.5125500000000005,0.0005,0.0,0.23736477827122882
22.536508560180664,0.20899999999999963,1.042,0.5370300000000019,-0.0015,0.0,0.24434609527920614
22.639320373535156,0.20899999999999963,1.042,0.5615100000000002,0.0005,0.0,0.24434609527920614
22.7373628616333,0.20899999999999963,1.042,0.5859900000000009,0.0,0.0,0.24085543677521748
22.83844494819641,0.20899999999999963,1.042,0.6104700000000003,-0.001,0.0,0.24783675378319478
22.936583042144775,0.20899999999999963,1.042,0.6349500000000001,-0.001,0.0,0.24434609527920614
23.038558959960938,0.20899999999999963,1.042,0.6579000000000015,0.0,0.0,0.23387411976724018
23.13662075996399,0.20899999999999963,1.042,0.6839100000000005,-0.0015,0.0,0.24783675378319478
23.238993883132935,0.20899999999999963,1.042,0.7068600000000003,0.0015,0.0,0.23736477827122882
23.337586164474487,0.20899999999999963,1.042,0.7328700000000006,-0.001,0.0,0.25132741228718347
23.439087867736816,0.20899999999999963,1.042,0.7558200000000008,-0.002,0.0,0.24085543677521748
23.536911487579346,0.20899999999999963,1.042,0.7803000000000004,0.0015,0.0,0.23736477827122882
23.63841676712036,0.20899999999999963,1.042,0.8047800000000005,-0.0015,0.0,0.24783675378319478
23.73684811592102,0.20899999999999963,1.042,0.8292600000000006,-0.0005,0.0,0.23736477827122882
23.83844757080078,0.20899999999999963,1.042,0.8537400000000006,0.0,0.0,0.24434609527920614
23.937302350997925,0.20899999999999963,1.042,0.8782200000000011,-0.0005,0.0,0.24783675378319478
24.03853416442871,0.20899999999999963,1.042,0.9027000000000007,-0.002,0.0,0.24085543677521748
24.137356519699097,0.20899999999999963,1.042,0.925650000000001,0.0,0.0,0.24085543677521748
24.238603591918945,0.20899999999999963,1.042,0.950130000000001,0.0005,0.0,0.24434609527920614
24.337125301361084,0.20899999999999963,1.042,0.9746100000000006,-0.0015,0.0,0.24434609527920614
24.438650369644165,0.20899999999999963,1.042,0.9990900000000011,0.0,0.0,0.24434609527920614
24.537177085876465,0.20899999999999963,1.042,1.0235700000000012,-0.0005,0.0,0.24085543677521748
24.638906002044678,0.20899999999999963,1.042,1.0480500000000008,-0.0015,0.0,0.24434609527920614
24.737252235412598,0.20899999999999963,1.042,1.0725300000000009,0.0005,0.0,0.24085543677521748
24.83881902694702,0.20899999999999963,1.042,1.097010000000001,-0.0005,0.0,0.24434609527920614
24.937443256378174,0.20899999999999963,1.042,1.121490000000001,-0.0015,0.0,0.25132741228718347
25.038914918899536,0.20899999999999963,1.042,1.145970000000001,-0.001,0.0,0.23736477827122882
25.137439250946045,0.20899999999999963,1.042,1.1704500000000007,0.0005,0.0,0.24434609527920614
25.23897624015808,0.20899999999999963,1.042,1.1949300000000007,-0.001,0.0,0.24085543677521748
25.33779788017273,0.20899999999999963,1.042,1.2194100000000008,-0.0015,0.0,0.24434609527920614
25.439123153686523,0.20899999999999963,1.042,1.2438900000000008,-0.0005,0.0,0.24783675378319478
25.537514686584473,0.20899999999999963,1.042,1.266840000000001,0.0,0.0,0.23736477827122882
25.639069080352783,0.20899999999999963,1.042,1.2913200000000011,-0.0015,0.0,0.24434609527920614
25.737839937210083,0.20899999999999963,1.042,1.3158000000000012,0.0015,0.0,0.24434609527920614
25.839653491973877,0.20899999999999963,1.042,1.3402800000000008,-0.0015,0.0,0.24434609527920614
25.937926292419434,0.20899999999999963,1.042,1.3647600000000009,-0.001,0.0,0.24434609527920614
26.03948211669922,0.20899999999999963,1.042,1.389240000000001,-0.001,0.0,0.24085543677521748
26.137789249420166,0.20899999999999963,1.042,1.413720000000001,-0.0005,0.0,0.24085543677521748
26.23944330215454,0.20899999999999963,1.042,1.438200000000001,-0.0005,0.0,0.24085543677521748
26.337970972061157,0.20899999999999963,1.042,1.4626800000000006,0.0,0.0,0.24434609527920614
26.439705848693848,0.20899999999999963,1.042,1.4871600000000011,0.0005,0.0,0.24085543677521748
26.53889513015747,0.20899999999999963,1.042,1.5116400000000012,-0.0015,0.0,0.24085543677521748
26.63967514038086,0.20899999999999963,1.042,1.5361200000000008,0.0,0.0,0.24434609527920614
26.73828887939453,0.20899999999999963,1.042,1.5606000000000013,0.001,0.0,0.24783675378319478
26.83950901031494,0.20899999999999963,1.042,1.5835500000000011,-0.0005,0.0,0.23736477827122882
26.938408613204956,0.20899999999999963,1.042,1.6080300000000007,-0.0005,0.0,0.24434609527920614
27.039997577667236,0.20899999999999963,1.042,1.627920000000001,-0.0015,0.0,0.19198621771937624
27.1411612033844,0.20999999999999996,1.042,1.6325100000000012,-0.0025,0.0,0.041887902047863905
27.23984169960022,0.20999999999999996,1.042,1.6325100000000012,0.0005,0.0,0.0
27.338161945343018,0.20999999999999996,1.042,1.6325100000000012,0.0,0.0,0.0
27.439913034439087,0.20999999999999996,1.042,1.6325100000000012,0.0,0.0,0.0
27.538281440734863,0.20999999999999996,1.042,1.6325100000000012,0.0,0.0,0.0
27.639867305755615,0.20999999999999996,1.042,1.6325100000000012,0.0,0.0,0.0
27.73839569091797,0.20999999999999996,1.042,1.6325100000000012,0.0,0.0,0.0
27.840174198150635,0.20999999999999996,1.042,1.6325100000000012,0.0,0.0,0.0
27.93878412246704,0.20999999999999996,1.042,1.6325100000000012,0.0,0.0,0.0
28.040387868881226,0.20999999999999996,1.042,1.6325100000000012,0.0,0.0,0.0
28.138622283935547,0.20899999999999963,1.042,1.6325100000000012,0.0105,0.0,0.0
28.240639686584473,0.20499999999999963,1.042,1.6325100000000012,0.043,0.0,0.0
28.338833332061768,0.19799999999999995,1.043,1.6325100000000012,0.0715,0.0,0.0
28.440532684326172,0.1889999999999996,1.044,1.6309800000000014,0.101,0.0,-0.006981317007977318
28.538835048675537,0.1759999999999997,1.046,1.6325100000000012,0.133,0.0,0.010471975511965976
28.640794277191162,0.1609999999999996,1.048,1.6325100000000012,0.15,0.0,-0.003490658503988659
28.739047050476074,0.1459999999999999,1.05,1.6325100000000012,0.149,0.0,0.0
28.840558767318726,0.13099999999999978,1.052,1.6325100000000012,0.148,0.0,0.003490658503988659
28.9389910697937,0.11599999999999966,1.054,1.6325100000000012,0.15,0.0,0.0
29.040873527526855,0.10099999999999998,1.056,1.6325100000000012,0.1485,0.0,0.0
29.139179944992065,0.08699999999999974,1.058,1.6325100000000012,0.1495,0.0,0.0
29.240615844726562,0.07199999999999962,1.06,1.6325100000000012,0.149,0.0,0.0
29.339027166366577,0.05699999999999994,1.062,1.6325100000000012,0.149,0.0,0.0
29.440887451171875,0.041999999999999815,1.065,1.6325100000000012,0.15,0.0,0.0
29.539045572280884,0.02699999999999969,1.067,1.6325100000000012,0.148,0.0,0.0
29.640650749206543,0.011999999999999567,1.069,1.6325100000000012,0.15,0.0,0.0
29.739385843276978,-0.002000000000000224,1.071,1.6325100000000012,0.1485,0.0,0.0
29.840877294540405,-0.017000000000000348,1.073,1.6325100000000012,0.15,0.0,0.0
29.939164400100708,-0.03200000000000003,1.075,1.6325100000000012,0.1505,0.0,0.0
30.041029930114746,-0.04700000000000015,1.077,1.6325100000000012,0.148,0.0,0.0
30.140055656433105,-0.06200000000000028,1.079,1.6325100000000012,0.149,0.0,0.0
30.240880250930786,-0.0770000000000004,1.081,1.6325100000000012,0.1505,0.0,0.003490658503988659
30.339411735534668,-0.09100000000000019,1.083,1.6325100000000012,0.1485,0.0,0.0
30.44123411178589,-0.10600000000000032,1.085,1.6325100000000012,0.15,0.0,0.0
30.53967261314392,-0.121,1.087,1.6325100000000012,0.149,0.0,0.0
30.641458988189697,-0.13600000000000012,1.089,1.6325100000000012,0.1485,0.0,0.0
30.739969968795776,-0.15100000000000025,1.091,1.6325100000000012,0.1495,0.0,0.0
30.84111738204956,-0.16600000000000037,1.093,1.6325100000000012,0.1485,0.0,0.0
30.93961215019226,-0.18100000000000005,1.095,1.6325100000000012,0.15,0.0,0.0
31.041181087493896,-0.19500000000000028,1.097,1.6325100000000012,0.149,0.0,0.0
31.139659881591797,-0.2100000000000004,1.099,1.6325100000000012,0.148,0.0,-0.003490658503988659
31.24128532409668,-0.2250000000000001,1.101,1.6325100000000012,0.1505,0.0,0.0
31.3398916721344,-0.2400000000000002,1.103,1.6325100000000012,0.148,0.0,0.0
31.441455602645874,-0.25500000000000034,1.105,1.6325100000000012,0.1495,0.0,0.0
31.540146112442017,-0.27,1.107,1.6325100000000012,0.149,0.0,0.0
31.641374588012695,-0.28400000000000025,1.109,1.6325100000000012,0.1485,0.0,0.0
31.74000096321106,-0.2990000000000004,1.111,1.6325100000000012,0.15,0.0,0.0
31.841468811035156,-0.31400000000000006,1.113,1.6325100000000012,0.1485,0.0,0.0
31.940255880355835,-0.3290000000000002,1.115,1.6325100000000012,0.149,0.0,0.0
32.04192280769348,-0.3440000000000003,1.117,1.6325100000000012,0.1485,0.0,0.0
32.14009094238281,-0.3580000000000001,1.119,1.6325100000000012,0.148,0.0,0.0
32.242473125457764,-0.3730000000000002,1.121,1.6325100000000012,0.15,0.0,0.0
32.34008979797363,-0.38800000000000034,1.123,1.6325100000000012,0.148,0.0,0.0
32.441800117492676,-0.403,1.125,1.6325100000000012,0.149,0.0,-0.003490658503988659
32.540276527404785,-0.41800000000000015,1.127,1.6325100000000012,0.15,0.0,0.0
32.641831398010254,-0.4330000000000003,1.129,1.6325100000000012,0.149,0.0,0.0
32.7407009601593,-0.4480000000000004,1.132,1.6325100000000012,0.15,0.0,0.0
32.84204721450806,-0.4620000000000002,1.134,1.6325100000000012,0.149,0.0,0.0
32.9405312538147,-0.4770000000000003,1.136,1.6325100000000012,0.1495,0.0,0.0
33.04198241233826,-0.49200000000000044,1.138,1.6325100000000012,0.1505,0.0,0.0
33.140496015548706,-0.5070000000000001,1.14,1.6325100000000012,0.15,0.0,0.0
33.24208164215088,-0.5220000000000002,1.142,1.6325100000000012,0.1485,0.0,0.0
33.34053349494934,-0.5370000000000004,1.144,1.6325100000000012,0.151,0.0,0.0
33.442245960235596,-0.5510000000000002,1.146,1.6325100000000012,0.1485,0.0,0.0
33.540674924850464,-0.5660000000000003,1.148,1.6325100000000012,0.1495,0.0,0.0
33.64221692085266,-0.5810000000000004,1.15,1.6325100000000012,0.149,0.0,0.0
33.74079489707947,-0.5960000000000001,1.152,1.6325100000000012,0.149,0.0,0.0
33.84237003326416,-0.6110000000000002,1.154,1.6325100000000012,0.1495,0.0,0.0
33.94080066680908,-0.6260000000000003,1.156,1.6325100000000012,0.1485,0.0,0.0
34.04241895675659,-0.6400000000000001,1.158,1.6325100000000012,0.149,0.0,0.0
34.140873432159424,-0.6550000000000002,1.16,1.6325100000000012,0.1485,0.0,0.0
34.242412090301514,-0.6700000000000004,1.162,1.6325100000000012,0.1485,0.0,0.0
34.34088492393494,-0.685,1.164,1.6325100000000012,0.149,0.0,0.0
34.44271206855774,-0.7000000000000002,1.166,1.6325100000000012,0.1485,0.0,0.0
34.54111099243164,-0.7150000000000003,1.168,1.6325100000000012,0.1495,0.0,0.0
34.64261722564697,-0.7290000000000001,1.17,1.6325100000000012,0.1495,0.0,0.0
34.741074562072754,-0.7440000000000002,1.172,1.6325100000000012,0.1485,0.0,0.0
34.84272003173828,-0.7590000000000003,1.174,1.6325100000000012,0.149,0.0,0.0
34.9421501159668,-0.774,1.176,1.6325100000000012,0.1505,0.0,0.0
35.0428740978241,-0.7890000000000001,1.178,1.6325100000000012,0.148,0.0,0.0
35.14161491394043,-0.8040000000000003,1.18,1.6325100000000012,0.1485,0.0,-0.003490658503988659
35.24285674095154,-0.8180000000000001,1.182,1.6325100000000012,0.137,0.0,0.0
35.34131693840027,-0.8290000000000002,1.184,1.6325100000000012,0.111,0.0,0.010471975511965976
35.44318175315857,-0.8370000000000002,1.185,1.6325100000000012,0.0735,0.0,-0.010471975511965976
35.54143691062927,-0.8410000000000002,1.185,1.6325100000000012,0.045,0.0,0.0
35.64312720298767,-0.8430000000000004,1.186,1.6325100000000012,0.015,0.0,0.0
35.741512298583984,-0.8430000000000004,1.186,1.6325100000000012,0.001,0.0,0.0
35.84314227104187,-0.8430000000000004,1.186,1.6325100000000012,-0.0005,0.0,0.0
35.941529989242554,-0.8430000000000004,1.186,1.6325100000000012,0.0,0.0,0.0
36.04353904724121,-0.8430000000000004,1.186,1.6325100000000012,0.0,0.0,0.0
36.14197635650635,-0.8430000000000004,1.186,1.6325100000000012,-0.0005,0.0,0.0
36.24330163002014,-0.8430000000000004,1.186,1.6325100000000012,0.0,0.0,0.0
36.34180402755737,-0.8440000000000003,1.186,1.6355700000000004,0.002,0.0,0.027925268031909273
36.44361734390259,-0.8440000000000003,1.186,1.6539300000000003,0.0015,0.0,0.19198621771937624
36.541616916656494,-0.8440000000000003,1.186,1.68147,-0.0005,0.0,0.2687807048071268
36.64374017715454,-0.8440000000000003,1.186,1.7044200000000007,-0.0025,0.0,0.23736477827122882
36.742051124572754,-0.8440000000000003,1.186,1.7289000000000003,0.0015,0.0,0.24085543677521748
36.84350514411926,-0.8440000000000003,1.186,1.7533800000000004,-0.0015,0.0,0.24085543677521748
36.9419219493866,-0.8440000000000003,1.186,1.7809200000000005,-0.0025,0.0,0.24085543677521748
37.0434730052948,-0.8440000000000003,1.186,1.8054000000000001,0.0005,0.0,0.24783675378319478
37.141932249069214,-0.8440000000000003,1.186,1.8298800000000006,-0.0005,0.0,0.24085543677521748
37.24381732940674,-0.8440000000000003,1.186,1.8528300000000004,0.001,0.0,0.23387411976724018
37.34205150604248,-0.8440000000000003,1.186,1.8773100000000005,-0.0025,0.0,0.24434609527920614
37.44380164146423,-0.8440000000000003,1.186,1.9033200000000008,-0.0005,0.0,0.24783675378319478
37.54215669631958,-0.8440000000000003,1.186,1.9262700000000006,0.0,0.0,0.24085543677521748
37.64391827583313,-0.8440000000000003,1.186,1.9507500000000002,0.0,0.0,0.23387411976724018
37.74223518371582,-0.8440000000000003,1.186,1.97676,0.0,0.0,0.25830872929516074
37.84387254714966,-0.8440000000000003,1.186,1.9997100000000003,-0.002,0.0,0.24085543677521748
37.94260096549988,-0.8440000000000003,1.186,2.0241900000000004,0.0005,0.0,0.23736477827122882
38.04392600059509,-0.8440000000000003,1.186,2.048670000000001,-0.002,0.0,0.24434609527920614
38.14246106147766,-0.8440000000000003,1.186,2.0731500000000005,-0.001,0.0,0.24434609527920614
38.244224309921265,-0.8440000000000003,1.186,2.09763,0.0005,0.0,0.23736477827122882
38.34249806404114,-0.8440000000000003,1.186,2.1221100000000006,-0.0015,0.0,0.24434609527920614
38.44457149505615,-0.8440000000000003,1.186,2.1465900000000007,-0.001,0.0,0.24434609527920614
38.54369235038757,-0.8440000000000003,1.186,2.1695400000000005,-0.0005,0.0,0.23736477827122882
38.644110441207886,-0.8440000000000003,1.186,2.1940200000000005,0.001,0.0,0.24085543677521748
38.74257946014404,-0.8440000000000003,1.186,2.2200300000000004,-0.0005,0.0,0.25132741228718347
38.84426164627075,-0.8440000000000003,1.186,2.24298,-0.0025,0.0,0.24085543677521748
38.94277858734131,-0.8440000000000003,1.186,2.2674600000000003,0.0,0.0,0.24085543677521748
39.044288635253906,-0.8440000000000003,1.186,2.2919400000000008,0.0005,0.0,0.24434609527920614
39.14281344413757,-0.8440000000000003,1.186,2.3164200000000004,-0.0005,0.0,0.23736477827122882
39.244338035583496,-0.8440000000000003,1.186,2.3409000000000004,0.001,0.0,0.24085543677521748
39.34283900260925,-0.8440000000000003,1.186,2.3653800000000005,-0.001,0.0,0.25132741228718347
39.44445824623108,-0.8440000000000003,1.186,2.3898600000000005,-0.0005,0.0,0.24085543677521748
39.54291605949402,-0.8440000000000003,1.186,2.4143400000000006,0.0,0.0,0.23736477827122882
39.64450263977051,-0.8440000000000003,1.186,2.4388200000000007,0.0,0.0,0.24434609527920614
39.74292802810669,-0.8440000000000003,1.186,2.4633000000000003,-0.001,0.0,0.24434609527920614
39.84452962875366,-0.8440000000000003,1.186,2.4862500000000005,-0.002,0.0,0.24085543677521748
39.94309329986572,-0.8440000000000003,1.186,2.5107300000000006,0.0,0.0,0.24085543677521748
40.04462456703186,-0.8440000000000003,1.186,2.5352100000000006,-0.0005,0.0,0.23736477827122882
40.143404960632324,-0.8440000000000003,1.186,2.5581600000000004,0.001,0.0,0.23736477827122882
40.24469542503357,-0.8440000000000003,1.186,2.5841700000000007,0.0,0.0,0.25830872929516074
40.343435525894165,-0.8440000000000003,1.186,2.6086500000000004,-0.0025,0.0,0.23387411976724018
40.444777965545654,-0.8440000000000003,1.186,2.6316000000000006,0.0015,0.0,0.23736477827122882
40.54335045814514,-0.8440000000000003,1.186,2.6576100000000005,-0.001,0.0,0.25132741228718347
40.6448392868042,-0.8440000000000003,1.186,2.68209,-0.0005,0.0,0.24085543677521748
40.743382930755615,-0.8440000000000003,1.186,2.7050400000000008,-0.0005,0.0,0.24085543677521748
40.84498071670532,-0.8440000000000003,1.186,2.7295200000000004,0.0,0.0,0.23736477827122882
40.943371295928955,-0.8440000000000003,1.186,2.754000000000001,-0.0015,0.0,0.24783675378319478
41.045093297958374,-0.8440000000000003,1.186,2.7784800000000005,0.0,0.0,0.24085543677521748
41.143529653549194,-0.8440000000000003,1.186,2.80296,0.0,0.0,0.24085543677521748
41.24515247344971,-0.8440000000000003,1.186,2.827439999999999,-0.001,0.0,0.24783675378319478
41.34363293647766,-0.8440000000000003,1.186,2.851920000000001,-0.002,0.0,0.23736477827122882
41.4452018737793,-0.8440000000000003,1.186,2.8764000000000007,0.0,0.0,0.24085543677521748
41.54361343383789,-0.8440000000000003,1.186,2.9008800000000003,-0.001,0.0,0.24434609527920614
41.64529252052307,-0.8440000000000003,1.186,2.9238299999999993,-0.001,0.0,0.23736477827122882
41.74372935295105,-0.8440000000000003,1.186,2.9483100000000007,0.002,0.0,0.24085543677521748
41.84535217285156,-0.8440000000000003,1.186,2.974320000000001,-0.0015,0.0,0.25132741228718347
41.9439742565155,-0.8440000000000003,1.186,2.9972700000000008,-0.002,0.0,0.23736477827122882
42.04538869857788,-0.8440000000000003,1.186,3.0217500000000013,0.0005,0.0,0.24085543677521748
42.14402222633362,-0.8440000000000003,1.186,3.04623,-0.0015,0.0,0.24434609527920614
42.245585441589355,-0.8440000000000003,1.186,3.0707100000000005,0.0015,0.0,0.23736477827122882
42.34392595291138,-0.8440000000000003,1.186,3.09519,-0.0015,0.0,0.24434609527920614
42.445504903793335,-0.8440000000000003,1.186,3.1196700000000006,-0.0015,0.0,0.24783675378319478
42.544031858444214,-0.8440000000000003,1.186,3.144150000000001,0.0,0.0,0.23736477827122882
42.645732164382935,-0.8440000000000003,1.186,3.167100000000001,-0.0005,0.0,0.24085543677521748
42.74427914619446,-0.8440000000000003,1.186,3.1931100000000003,0.0005,0.0,0.25132741228718347
42.84580731391907,-0.8440000000000003,1.186,3.21759,-0.002,0.0,0.24085543677521748
42.944300413131714,-0.8440000000000003,1.186,3.2405400000000015,-0.0005,0.0,0.24085543677521748
43.045886516571045,-0.8440000000000003,1.185,3.260430000000001,0.002,0.0,0.18849555921538758
43.1443133354187,-0.8440000000000003,1.186,3.266550000000001,-0.004,0.0,0.05585053606381855
43.24586296081543,-0.8440000000000003,1.186,3.265020000000001,0.0005,0.0,-0.010471975511965976
43.34434103965759,-0.8440000000000003,1.186,3.265020000000001,-0.0005,0.0,0.003490658503988659
43.445929527282715,-0.8440000000000003,1.186,3.265020000000001,0.0,0.0,0.0
43.54437065124512,-0.8440000000000003,1.186,3.265020000000001,-0.0005,0.0,0.0
43.646034717559814,-0.8440000000000003,1.186,3.265020000000001,0.0,0.0,0.0
43.74450349807739,-0.8440000000000003,1.186,3.265020000000001,0.0,0.0,0.0
43.84628677368164,-0.8440000000000003,1.186,3.265020000000001,0.0,0.0,0.0
43.944775342941284,-0.8440000000000003,1.186,3.265020000000001,0.0,0.0,0.0
44.046788454055786,-0.8440000000000003,1.186,3.265020000000001,0.0,0.0,0.0
44.14468455314636,-0.8440000000000003,1.185,3.265020000000001,0.0105,0.0,0.0
44.24635076522827,-0.8440000000000003,1.181,3.265020000000001,0.0425,0.0,0.0
44.34471154212952,-0.8440000000000003,1.174,3.265020000000001,0.072,0.0,0.0
44.44625806808472,-0.8450000000000002,1.165,3.265020000000001,0.1005,0.0,0.0
44.544737815856934,-0.8460000000000001,1.152,3.265020000000001,0.133,0.0,0.0
44.6463840007782,-0.8470000000000004,1.137,3.265020000000001,0.15,0.0,0.0
44.744948387145996,-0.8480000000000003,1.1219999999999999,3.265020000000001,0.1485,0.0,0.003490658503988659
44.84642267227173,-0.8490000000000002,1.107,3.265020000000001,0.149,0.0,0.0
44.9448618888855,-0.8500000000000001,1.092,3.265020000000001,0.15,0.0,0.0
45.04653477668762,-0.8510000000000004,1.077,3.265020000000001,0.148,0.0,0.0
45.145060777664185,-0.8520000000000003,1.062,3.265020000000001,0.149,0.0,0.0
45.24664092063904,-0.8530000000000002,1.047,3.265020000000001,0.1485,0.0,-0.003490658503988659
45.34531617164612,-0.8540000000000001,1.032,3.265020000000001,0.15,0.0,0.003490658503988659
45.446603536605835,-0.8550000000000004,1.017,3.265020000000001,0.1485,0.0,0.0
45.545159339904785,-0.8560000000000003,1.003,3.265020000000001,0.149,0.0,0.0
45.64775729179382,-0.8570000000000002,0.988,3.265020000000001,0.15,0.0,0.0
45.745293617248535,-0.8580000000000001,0.9730000000000001,3.265020000000001,0.149,0.0,0.0
45.84682869911194,-0.8590000000000004,0.9580000000000001,3.265020000000001,0.149,0.0,0.0
45.94531321525574,-0.8600000000000003,0.9430000000000001,3.265020000000001,0.1495,0.0,0.0
46.047008991241455,-0.8610000000000002,0.928,3.265020000000001,0.149,0.0,0.0
46.145527601242065,-0.8620000000000001,0.913,3.265020000000001,0.15,0.0,0.0
46.24703598022461,-0.8630000000000004,0.898,3.265020000000001,0.1485,0.0,0.0
46.34544587135315,-0.8640000000000003,0.883,3.265020000000001,0.15,0.0,0.0
46.447123527526855,-0.8650000000000002,0.868,3.265020000000001,0.1495,0.0,0.0
46.5455219745636,-0.8660000000000001,0.853,3.265020000000001,0.1485,0.0,0.0
46.647913217544556,-0.8670000000000004,0.8380000000000001,3.265020000000001,0.15,0.0,0.0
46.74563479423523,-0.8690000000000002,0.8230000000000001,3.265020000000001,0.148,0.0,0.0
46.84720468521118,-0.8700000000000006,0.809,3.265020000000001,0.149,0.0,0.0
46.94585347175598,-0.871,0.794,3.265020000000001,0.1505,0.0,0.0
47.047324419021606,-0.8720000000000003,0.779,3.265020000000001,0.149,0.0,0.0
47.14575147628784,-0.8729999999999998,0.764,3.265020000000001,0.149,0.0,0.0
47.24743580818176,-0.8740000000000001,0.749,3.265020000000001,0.149,0.0,0.0
47.34584093093872,-0.8750000000000004,0.734,3.265020000000001,0.149,0.0,0.0
47.4476478099823,-0.8759999999999999,0.7190000000000001,3.265020000000001,0.149,0.0,0.0
47.5461323261261,-0.8770000000000002,0.7040000000000001,3.265020000000001,0.1495,0.0,0.0
47.647507667541504,-0.8780000000000006,0.6890000000000001,3.265020000000001,0.1495,0.0,0.0
47.74625253677368,-0.879,0.674,3.265020000000001,0.1485,0.0,0.0
47.8477680683136,-0.8800000000000003,0.659,3.265020000000001,0.149,0.0,0.0
47.94625902175903,-0.8809999999999998,0.645,3.265020000000001,0.1485,0.0,0.0
48.04768180847168,-0.8820000000000001,0.63,3.265020000000001,0.1495,0.0,0.0
48.1463840007782,-0.8830000000000005,0.615,3.265020000000001,0.1495,0.0,0.0
48.24778509140015,-0.8839999999999999,0.6,3.265020000000001,0.149,0.0,0.0
48.34663653373718,-0.8850000000000002,0.585,3.265020000000001,0.1485,0.0,0.0
48.44787406921387,-0.8860000000000006,0.57,3.265020000000001,0.149,0.0,0.0
48.54631853103638,-0.887,0.555,3.265020000000001,0.149,0.0,0.0
48.64813017845154,-0.8880000000000003,0.54,3.265020000000001,0.149,0.0,0.0
48.74669170379639,-0.8889999999999998,0.525,3.265020000000001,0.1495,0.0,0.0
48.84844350814819,-0.8900000000000001,0.51,3.265020000000001,0.1495,0.0,0.0
48.94672417640686,-0.8910000000000005,0.495,3.265020000000001,0.1485,0.0,0.0
49.04831671714783,-0.8919999999999999,0.48,3.265020000000001,0.1495,0.0,0.0
49.14668869972229,-0.8930000000000002,0.46599999999999997,3.265020000000001,0.1495,0.0,0.0
49.24822282791138,-0.8940000000000006,0.45099999999999996,3.265020000000001,0.149,0.0,0.0
49.34662079811096,-0.895,0.43600000000000005,3.265020000000001,0.15,0.0,0.0
49.44831204414368,-0.8960000000000004,0.42100000000000004,3.265020000000001,0.149,0.0,0.0
49.546679735183716,-0.8969999999999998,0.406,3.265020000000001,0.149,0.0,0.0
49.64845037460327,-0.8980000000000001,0.391,3.265020000000001,0.1505,0.0,0.0
49.746859312057495,-0.8990000000000005,0.376,3.265020000000001,0.148,0.0,0.0
49.8483772277832,-0.8999999999999999,0.361,3.265020000000001,0.1485,0.0,0.0
49.94690132141113,-0.9010000000000002,0.346,3.265020000000001,0.149,0.0,0.0
50.048423528671265,-0.9020000000000006,0.331,3.265020000000001,0.149,0.0,0.0
50.14693570137024,-0.903,0.316,3.265020000000001,0.15,0.0,0.0
50.24855327606201,-0.9040000000000004,0.302,3.265020000000001,0.1475,0.0,0.0
50.34710168838501,-0.9049999999999998,0.28700000000000003,3.265020000000001,0.1505,0.0,0.0
50.448585748672485,-0.9060000000000001,0.272,3.265020000000001,0.149,0.0,0.0
50.547269105911255,-0.9070000000000005,0.257,3.265020000000001,0.148,0.0,0.0
50.648751974105835,-0.9079999999999999,0.242,3.265020000000001,0.1505,0.0,0.0
50.74728274345398,-0.9090000000000003,0.227,3.265020000000001,0.149,0.0,0.0
50.84874176979065,-0.9100000000000006,0.212,3.265020000000001,0.1485,0.0,0.0
50.94736123085022,-0.911,0.197,3.265020000000001,0.15,0.0,0.0
51.04879331588745,-0.9120000000000004,0.182,3.265020000000001,0.1485,0.0,0.0
51.147406578063965,-0.9129999999999998,0.167,3.265020000000001,0.1495,0.0,0.0
51.24904441833496,-0.9140000000000001,0.153,3.265020000000001,0.135,0.0,0.0
51.34745478630066,-0.9150000000000005,0.14200000000000002,3.265020000000001,0.1125,0.0,0.003490658503988659
51.44902515411377,-0.9159999999999999,0.134,3.265020000000001,0.0695,0.0,0.0
51.54749417304993,-0.9159999999999999,0.129,3.265020000000001,0.045,0.0,0.0
51.64905571937561,-0.9159999999999999,0.127,3.265020000000001,0.016,0.0,0.0
51.74758815765381,-0.9159999999999999,0.127,3.265020000000001,0.0005,0.0,0.0
51.8492431640625,-0.9159999999999999,0.127,3.265020000000001,-0.001,0.0,0.0
51.947633028030396,-0.9159999999999999,0.127,3.265020000000001,-0.0005,0.0,0.0
52.0492582321167,-0.9159999999999999,0.127,3.265020000000001,0.0,0.0,0.0
52.1478796005249,-0.9159999999999999,0.127,3.265020000000001,0.0,0.0,0.0
52.24937844276428,-0.9159999999999999,0.127,3.265020000000001,0.0,0.0,0.0
52.3478217124939,-0.9159999999999999,0.127,3.2680800000000008,0.003,0.0,0.024434609527920613
52.44947600364685,-0.9159999999999999,0.127,3.287970000000002,0.001,0.0,0.1989675347273536
52.54785656929016,-0.9159999999999999,0.127,3.3139800000000004,0.0005,0.0,0.2617993877991494
52.64944911003113,-0.9159999999999999,0.127,3.336930000000001,-0.0015,0.0,0.2303834612632515
52.747965812683105,-0.9159999999999999,0.127,3.3629400000000005,0.001,0.0,0.2548180707911721
52.84940505027771,-0.9159999999999999,0.127,3.385890000000001,-0.001,0.0,0.22689280275926285
52.94793438911438,-0.9159999999999999,0.127,3.4103700000000017,-0.001,0.0,0.25132741228718347
53.04957723617554,-0.9159999999999999,0.127,3.4348500000000004,-0.0015,0.0,0.24085543677521748
53.148191690444946,-0.9159999999999999,0.127,3.459330000000001,0.0,0.0,0.25132741228718347
53.25001311302185,-0.9159999999999999,0.127,3.4838100000000005,0.0005,0.0,0.23736477827122882
53.34817838668823,-0.9159999999999999,0.127,3.50829,-0.003,0.0,0.24434609527920614
53.44965124130249,-0.9159999999999999,0.127,3.5327700000000006,0.001,0.0,0.24434609527920614
53.548175573349,-0.9159999999999999,0.127,3.5557200000000013,0.001,0.0,0.23387411976724018
53.64972949028015,-0.9159999999999999,0.127,3.580200000000001,-0.0025,0.0,0.24434609527920614
53.7481894493103,-0.9159999999999999,0.127,3.6062100000000004,-0.001,0.0,0.25132741228718347
53.849817991256714,-0.9159999999999999,0.127,3.629160000000001,0.0,0.0,0.24085543677521748
53.948384523391724,-0.9159999999999999,0.127,3.6536400000000007,-0.002,0.0,0.23387411976724018
54.05063724517822,-0.9159999999999999,0.127,3.678120000000001,0.0005,0.0,0.24783675378319478
54.14852833747864,-0.9159999999999999,0.127,3.702600000000001,-0.0015,0.0,0.24434609527920614
54.25018572807312,-0.9159999999999999,0.127,3.7255500000000006,0.0005,0.0,0.23387411976724018
54.348801136016846,-0.9159999999999999,0.127,3.751560000000001,-0.001,0.0,0.25132741228718347
54.45052170753479,-0.9159999999999999,0.127,3.7760400000000014,0.0,0.0,0.24085543677521748
54.54865097999573,-0.9159999999999999,0.127,3.798990000000001,0.0005,0.0,0.24085543677521748
54.6502742767334,-0.9159999999999999,0.127,3.8234700000000017,-0.0005,0.0,0.24085543677521748
54.74860191345215,-0.9159999999999999,0.127,3.849480000000001,-0.001,0.0,0.25132741228718347
54.85049629211426,-0.9159999999999999,0.127,3.872430000000001,-0.0005,0.0,0.2303834612632515
54.948781967163086,-0.9159999999999999,0.127,3.8969100000000014,0.0,0.0,0.2548180707911721
55.050387382507324,-0.9159999999999999,0.127,3.921390000000001,0.0,0.0,0.23387411976724018
55.14885711669922,-0.9159999999999999,0.127,3.9458700000000007,-0.0005,0.0,0.24085543677521748
55.25057601928711,-0.9159999999999999,0.127,3.970350000000001,-0.0015,0.0,0.25132741228718347
55.35073709487915,-0.9159999999999999,0.127,3.993300000000001,0.0015,0.0,0.23387411976724018
55.45060157775879,-0.9159999999999999,0.127,4.019310000000001,-0.0015,0.0,0.24783675378319478
55.54932689666748,-0.9159999999999999,0.127,4.043790000000001,0.0005,0.0,0.24085543677521748
55.65075087547302,-0.9159999999999999,0.127,4.066740000000001,0.0005,0.0,0.24085543677521748
55.74922823905945,-0.9159999999999999,0.127,4.0927500000000006,-0.001,0.0,0.24783675378319478
55.8508939743042,-0.9159999999999999,0.127,4.1157,-0.0015,0.0,0.24434609527920614
55.94930624961853,-0.9159999999999999,0.127,4.140180000000001,0.0,0.0,0.24434609527920614
56.05121374130249,-0.9159999999999999,0.127,4.164660000000001,0.0005,0.0,0.24085543677521748
56.14956331253052,-0.9159999999999999,0.127,4.189140000000002,-0.0005,0.0,0.23736477827122882
56.25102996826172,-0.9159999999999999,0.127,4.213620000000001,-0.0005,0.0,0.2548180707911721
56.34955096244812,-0.9159999999999999,0.127,4.238100000000001,0.0005,0.0,0.23387411976724018
56.450899600982666,-0.9159999999999999,0.127,4.262580000000002,-0.0015,0.0,0.24783675378319478
56.54942488670349,-0.9159999999999999,0.127,4.28706,0.0,0.0,0.24085543677521748
56.65100073814392,-0.9159999999999999,0.127,4.311540000000001,-0.0005,0.0,0.24434609527920614
56.74936103820801,-0.9159999999999999,0.127,4.334490000000001,0.0,0.0,0.23736477827122882
56.85107946395874,-0.9159999999999999,0.127,4.360500000000002,-0.0015,0.0,0.24783675378319478
56.949461221694946,-0.9159999999999999,0.127,4.3849800000000005,-0.0005,0.0,0.24085543677521748
57.051655292510986,-0.9159999999999999,0.127,4.40793,0.0005,0.0,0.23736477827122882
57.14988303184509,-0.9159999999999999,0.127,4.432410000000001,-0.0005,0.0,0.24434609527920614
57.25131845474243,-0.9159999999999999,0.127,4.456890000000001,-0.001,0.0,0.24783675378319478
57.35010838508606,-0.9159999999999999,0.127,4.481370000000002,0.0,0.0,0.23387411976724018
57.45124268531799,-0.9159999999999999,0.127,4.505850000000001,-0.001,0.0,0.24783675378319478
57.550007581710815,-0.9159999999999999,0.127,4.530330000000001,0.001,0.0,0.24434609527920614
57.65137004852295,-0.9159999999999999,0.127,4.554810000000002,0.0,0.0,0.24085543677521748
57.7497980594635,-0.9159999999999999,0.127,4.57929,-0.001,0.0,0.24783675378319478
57.851426124572754,-0.9159999999999999,0.127,4.603770000000001,-0.0005,0.0,0.24434609527920614
57.94994521141052,-0.9159999999999999,0.127,4.628250000000001,-0.0015,0.0,0.23736477827122882
58.05175709724426,-0.9159999999999999,0.127,4.651200000000001,0.001,0.0,0.24085543677521748
58.14985013008118,-0.9159999999999999,0.127,4.675680000000002,-0.0005,0.0,0.24434609527920614
58.25152373313904,-0.9159999999999999,0.127,4.70016,0.0,0.0,0.23736477827122882
58.34997534751892,-0.9159999999999999,0.127,4.724640000000001,-0.002,0.0,0.25132741228718347
58.45163869857788,-0.9159999999999999,0.127,4.749120000000001,-0.0005,0.0,0.24085543677521748
58.55024337768555,-0.9159999999999999,0.127,4.7736,0.0,0.0,0.24434609527920614
58.652602672576904,-0.9159999999999999,0.127,4.798080000000001,0.0,0.0,0.23387411976724018
58.751250982284546,-0.9159999999999999,0.127,4.822560000000001,-0.001,0.0,0.24783675378319478
58.852033615112305,-0.9159999999999999,0.127,4.847040000000002,-0.0005,0.0,0.24085543677521748
58.9505672454834,-0.9159999999999999,0.127,4.869990000000001,-0.001,0.0,0.24085543677521748
59.052422523498535,-0.9159999999999999,0.127,4.889880000000002,0.0025,0.0,0.19198621771937624
59.15053057670593,-0.9159999999999999,0.127,4.89447,-0.0035,0.0,0.048869219055841226
59.252612829208374,-0.9159999999999999,0.127,4.89447,0.0,0.0,-0.003490658503988659
59.35040640830994,-0.9159999999999999,0.127,4.89447,-0.0005,0.0,0.0
59.45237493515015,-0.9159999999999999,0.127,4.89447,0.0005,0.0,0.0
59.550434827804565,-0.9159999999999999,0.127,4.89447,0.0,0.0,0.0
59.65237212181091,-0.9159999999999999,0.127,4.89447,0.0,0.0,0.0
59.75054717063904,-0.9159999999999999,0.127,4.89447,0.0,0.0,0.0
59.852294921875,-0.9159999999999999,0.127,4.89447,0.0,0.0,0.0
59.95072841644287,-0.9159999999999999,0.127,4.89447,0.0,0.0,0.0
60.05282640457153,-0.9159999999999999,0.127,4.89447,0.0,0.0,0.0
60.15075731277466,-0.9159999999999999,0.127,4.89447,0.01,0.0,0.0
60.252456188201904,-0.9120000000000004,0.127,4.89447,0.043,0.0,0.003490658503988659
60.3508780002594,-0.9049999999999998,0.127,4.89447,0.0725,0.0,0.0
60.45247197151184,-0.895,0.127,4.89447,0.1015,0.0,-0.003490658503988659
60.550942182540894,-0.8820000000000001,0.127,4.89447,0.133,0.0,0.006981317007977318
60.65282106399536,-0.8670000000000004,0.127,4.89447,0.1495,0.0,-0.003490658503988659
60.75140595436096,-0.8520000000000003,0.127,4.89447,0.1485,0.0,0.003490658503988659
60.852991342544556,-0.8370000000000002,0.127,4.89447,0.148,0.0,0.0
60.951229095458984,-0.8220000000000001,0.127,4.89447,0.15,0.0,0.0
61.05278658866882,-0.8070000000000004,0.127,4.89447,0.148,0.0,0.0
61.1511492729187,-0.7920000000000003,0.126,4.89447,0.15,0.0,0.0
61.2527961730957,-0.7770000000000001,0.126,4.89447,0.1485,0.0,0.0
61.35124945640564,-0.762,0.126,4.89447,0.149,0.0,-0.003490658503988659
61.45320248603821,-0.7470000000000003,0.126,4.89447,0.15,0.0,0.003490658503988659
61.551411151885986,-0.7320000000000002,0.126,4.89447,0.1485,0.0,0.0
61.6528639793396,-0.7170000000000001,0.126,4.89447,0.15,0.0,0.0
61.75127625465393,-0.7020000000000004,0.126,4.89447,0.15,0.0,0.0
61.8536536693573,-0.6870000000000003,0.126,4.89447,0.1485,0.0,0.0
61.951873540878296,-0.6720000000000002,0.126,4.89447,0.151,0.0,0.0
62.0534884929657,-0.657,0.126,4.89447,0.149,0.0,0.0
62.15154480934143,-0.6420000000000003,0.126,4.89447,0.15,0.0,0.0
62.25331735610962,-0.6270000000000002,0.126,4.89447,0.149,0.0,0.0
62.35155272483826,-0.6120000000000001,0.126,4.89447,0.149,0.0,0.0
62.45346450805664,-0.5970000000000004,0.125,4.89447,0.1495,0.0,0.0
62.55190110206604,-0.5820000000000003,0.125,4.89447,0.1485,0.0,0.0
62.653486251831055,-0.5670000000000002,0.125,4.89447,0.149,0.0,0.0
62.75183963775635,-0.552,0.125,4.89447,0.15,0.0,0.0
62.85361170768738,-0.5370000000000004,0.125,4.89447,0.1475,0.0,0.0
62.952269554138184,-0.5220000000000002,0.125,4.89447,0.1495,0.0,0.0
63.05344319343567,-0.5070000000000001,0.125,4.89447,0.1485,0.0,0.0
63.152297258377075,-0.49200000000000044,0.125,4.89447,0.149,0.0,0.0
63.25350308418274,-0.4770000000000003,0.125,4.89447,0.15,0.0,0.0
63.351991176605225,-0.4620000000000002,0.125,4.89447,0.148,0.0,0.0
63.45361614227295,-0.44700000000000006,0.125,4.89447,0.1495,0.0,0.003490658503988659
63.55236554145813,-0.4320000000000004,0.125,4.89447,0.149,0.0,0.0
63.6541006565094,-0.41700000000000026,0.125,4.89447,0.1485,0.0,0.0
63.75291872024536,-0.40200000000000014,0.124,4.89447,0.149,0.0,0.0
63.85443186759949,-0.387,0.124,4.89447,0.15,0.0,0.0
63.952340602874756,-0.37200000000000033,0.124,4.89447,0.1485,0.0,0.0
64.05390357971191,-0.3570000000000002,0.124,4.89447,0.1495,0.0,0.0
64.15225315093994,-0.3420000000000001,0.124,4.89447,0.1495,0.0,0.0
64.25445199012756,-0.3270000000000004,0.124,4.89447,0.1495,0.0,0.0
64.35274267196655,-0.3120000000000003,0.124,4.89447,0.1495,0.0,0.0
64.45426440238953,-0.29700000000000015,0.124,4.89447,0.15,0.0,0.003490658503988659
64.55284881591797,-0.28200000000000003,0.124,4.89447,0.149,0.0,0.0
64.65406632423401,-0.26700000000000035,0.124,4.89447,0.15,0.0,0.0
64.75262069702148,-0.2520000000000002,0.124,4.89447,0.15,0.0,0.0
64.85437059402466,-0.2370000000000001,0.124,4.89447,0.1495,0.0,0.0
64.95268273353577,-0.22200000000000042,0.123,4.89447,0.148,0.0,0.0
65.05425691604614,-0.2070000000000003,0.123,4.89447,0.1505,0.0,0.0
65.15273213386536,-0.19200000000000017,0.123,4.89447,0.149,0.0,0.0
65.25427150726318,-0.17700000000000005,0.123,4.89447,0.1485,0.0,0.0
65.35269236564636,-0.16200000000000037,0.123,4.89447,0.149,0.0,0.0
65.45425820350647,-0.14700000000000024,0.123,4.89447,0.149,0.0,0.003490658503988659
65.55276465415955,-0.13200000000000012,0.123,4.89447,0.1485,0.0,0.0
65.65448832511902,-0.11700000000000044,0.123,4.89447,0.1485,0.0,0.0
65.75304365158081,-0.10200000000000031,0.123,4.89447,0.149,0.0,0.0
65.8544249534607,-0.08700000000000019,0.123,4.89447,0.15,0.0,0.0
65.95308351516724,-0.07200000000000006,0.123,4.89447,0.149,0.0,0.0
66.05452466011047,-0.057000000000000384,0.123,4.89447,0.15,0.0,0.0
66.15319299697876,-0.04200000000000026,0.123,4.89447,0.1485,0.0,0.0
66.25494289398193,-0.027000000000000135,0.122,4.89447,0.1495,0.0,0.0
66.35348391532898,-0.01200000000000001,0.122,4.89447,0.1495,0.0,0.0
66.45537424087524,0.0029999999999996696,0.122,4.89447,0.1485,0.0,0.0
66.55320620536804,0.017999999999999794,0.122,4.89447,0.149,0.0,0.0
66.65484690666199,0.03299999999999992,0.122,4.89447,0.149,0.0,0.0
66.75335550308228,0.0479999999999996,0.122,4.89447,0.15,0.0,0.0
66.85497498512268,0.06299999999999972,0.122,4.89447,0.148,0.0,0.0
66.95333981513977,0.07799999999999985,0.122,4.89447,0.15,0.0,0.0
67.05509853363037,0.09299999999999997,0.122,4.89447,0.149,0.0,0.0
67.15353012084961,0.10799999999999965,0.122,4.89447,0.149,0.0,0.0
67.25526809692383,0.12199999999999989,0.122,4.89447,0.1375,0.0,0.0
67.35361957550049,0.13299999999999956,0.122,4.89447,0.111,0.0,-0.003490658503988659
67.45556020736694,0.14099999999999957,0.122,4.89447,0.0745,0.0,0.010471975511965976
67.55375671386719,0.1459999999999999,0.122,4.89447,0.0435,0.0,-0.003490658503988659
67.65578699111938,0.1479999999999997,0.122,4.89447,0.016,0.0,0.003490658503988659
67.7537031173706,0.1479999999999997,0.122,4.896000000000001,0.001,0.0,0.0
67.85560274124146,0.1479999999999997,0.122,4.896000000000001,-0.0005,0.0,0.0
67.95380735397339,0.1479999999999997,0.122,4.896000000000001,-0.0005,0.0,0.0
68.05581402778625,0.1479999999999997,0.122,4.896000000000001,0.0,0.0,0.0
68.1543881893158,0.1479999999999997,0.122,4.896000000000001,0.0,0.0,0.0
68.2557635307312,0.1479999999999997,0.122,4.896000000000001,0.0,0.0,0.0
68.35454821586609,0.1479999999999997,0.122,4.8975300000000015,0.002,0.0,0.024434609527920613
68.45551872253418,0.1479999999999997,0.122,4.932195307179587,0.002,0.0,0.18151424220741028
68.55418634414673,0.1479999999999997,0.122,4.959735307179587,0.0,0.0,0.27576202181510406
68.65618872642517,0.1479999999999997,0.122,4.985745307179588,-0.002,0.0,0.24783675378319478
68.75409483909607,0.1479999999999997,0.122,5.007165307179587,0.0005,0.0,0.2234021442552742
68.85580277442932,0.1479999999999997,0.122,5.031645307179588,-0.0005,0.0,0.24783675378319478
68.95415711402893,0.1479999999999997,0.122,5.056125307179588,-0.002,0.0,0.24085543677521748
69.0558533668518,0.1479999999999997,0.122,5.080605307179587,0.0,0.0,0.24783675378319478
69.15423274040222,0.1479999999999997,0.122,5.105085307179587,-0.0015,0.0,0.24434609527920614
69.25588011741638,0.1479999999999997,0.122,5.129565307179588,0.0015,0.0,0.23387411976724018
69.35436034202576,0.1479999999999997,0.122,5.154045307179587,-0.0015,0.0,0.24783675378319478
69.45604062080383,0.1479999999999997,0.122,5.178525307179587,-0.0005,0.0,0.24085543677521748
69.55451560020447,0.1479999999999997,0.122,5.203005307179588,0.0015,0.0,0.24085543677521748
69.65606498718262,0.1479999999999997,0.122,5.227485307179588,-0.003,0.0,0.24783675378319478
69.75443625450134,0.1479999999999997,0.122,5.251965307179587,0.0,0.0,0.24434609527920614
69.8560106754303,0.1479999999999997,0.122,5.274915307179587,0.0,0.0,0.23736477827122882
69.95450186729431,0.1479999999999997,0.122,5.299395307179587,-0.001,0.0,0.24434609527920614
70.05609202384949,0.1479999999999997,0.122,5.323875307179588,0.0,0.0,0.24434609527920614
70.15451312065125,0.1479999999999997,0.122,5.348355307179588,-0.001,0.0,0.24085543677521748
70.25614786148071,0.1479999999999997,0.122,5.372835307179587,-0.001,0.0,0.24434609527920614
70.35455393791199,0.1479999999999997,0.122,5.397315307179587,-0.0005,0.0,0.24085543677521748
70.45664119720459,0.1479999999999997,0.122,5.421795307179588,0.0,0.0,0.24434609527920614
70.55472087860107,0.1479999999999997,0.122,5.446275307179587,0.0005,0.0,0.24434609527920614
70.656325340271,0.1479999999999997,0.122,5.470755307179587,-0.001,0.0,0.24085543677521748
70.75482749938965,0.1479999999999997,0.122,5.495235307179588,-0.0005,0.0,0.24434609527920614
70.85854315757751,0.1479999999999997,0.122,5.519715307179588,-0.001,0.0,0.24434609527920614
70.95494055747986,0.1479999999999997,0.122,5.542665307179588,-0.0005,0.0,0.23387411976724018
71.05702424049377,0.1479999999999997,0.122,5.568675307179587,0.0005,0.0,0.24783675378319478
71.15500116348267,0.1479999999999997,0.122,5.591625307179587,-0.0005,0.0,0.24085543677521748
71.25751399993896,0.1479999999999997,0.122,5.616105307179588,-0.001,0.0,0.24434609527920614
71.35546469688416,0.1479999999999997,0.122,5.640585307179588,0.0005,0.0,0.24085543677521748
71.45665073394775,0.1479999999999997,0.122,5.665065307179587,-0.0015,0.0,0.24085543677521748
71.55526900291443,0.1479999999999997,0.122,5.689545307179587,0.0005,0.0,0.24434609527920614
71.6567542552948,0.1479999999999997,0.122,5.714025307179588,0.0,0.0,0.24085543677521748
71.75547909736633,0.1479999999999997,0.122,5.738505307179587,-0.0005,0.0,0.24434609527920614
71.8568377494812,0.1479999999999997,0.122,5.762985307179587,-0.0005,0.0,0.24085543677521748
71.95535016059875,0.1479999999999997,0.122,5.785935307179587,0.0,0.0,0.24085543677521748
72.057208776474,0.1479999999999997,0.122,5.811945307179588,0.0,0.0,0.25132741228718347
72.157066822052,0.1479999999999997,0.122,5.834895307179588,-0.002,0.0,0.24085543677521748
72.25718760490417,0.1479999999999997,0.122,5.859375307179587,0.0015,0.0,0.23387411976724018
72.35600447654724,0.1479999999999997,0.122,5.885385307179588,-0.0015,0.0,0.2548180707911721
72.45741152763367,0.1479999999999997,0.122,5.908335307179588,-0.001,0.0,0.23387411976724018
72.55569076538086,0.1479999999999997,0.122,5.932815307179588,0.0,0.0,0.24434609527920614
72.65727615356445,0.1479999999999997,0.122,5.955765307179588,0.001,0.0,0.23736477827122882
72.758371591568,0.1479999999999997,0.122,5.981775307179587,-0.003,0.0,0.2548180707911721
72.85726976394653,0.1479999999999997,0.122,6.006255307179588,-0.001,0.0,0.23736477827122882
72.95564103126526,0.1479999999999997,0.122,6.029205307179588,0.0,0.0,0.23736477827122882
73.0574426651001,0.1479999999999997,0.122,6.053685307179588,-0.001,0.0,0.24783675378319478
73.15573239326477,0.1479999999999997,0.122,6.078165307179587,0.0,0.0,0.24085543677521748
73.25758504867554,0.1479999999999997,0.122,6.102645307179587,0.0,0.0,0.24085543677521748
73.35603213310242,0.1479999999999997,0.122,6.127125307179588,-0.001,0.0,0.24783675378319478
73.45796942710876,0.1479999999999997,0.122,6.151605307179587,0.0,0.0,0.23387411976724018
73.55622625350952,0.1479999999999997,0.122,6.176085307179587,-0.001,0.0,0.25132741228718347
73.65788960456848,0.1479999999999997,0.122,6.200565307179588,-0.002,0.0,0.24434609527920614
73.7566385269165,0.1479999999999997,0.122,6.225045307179588,-0.0015,0.0,0.24085543677521748
73.85819840431213,0.1479999999999997,0.122,6.249525307179587,0.0015,0.0,0.24085543677521748
73.95638632774353,0.1479999999999997,0.122,6.274005307179587,-0.001,0.0,0.24434609527920614
74.05793714523315,0.1479999999999997,0.122,6.298485307179588,0.0,0.0,0.24085543677521748
74.156325340271,0.1479999999999997,0.122,6.322965307179588,0.0,0.0,0.24783675378319478
74.25788974761963,0.1479999999999997,0.122,6.347445307179587,-0.0015,0.0,0.24085543677521748
74.35633158683777,0.1479999999999997,0.122,6.370395307179587,-0.001,0.0,0.23736477827122882
74.45812392234802,0.1479999999999997,0.122,6.394875307179587,0.0,0.0,0.24085543677521748
74.55644392967224,0.1479999999999997,0.122,6.419355307179588,-0.0005,0.0,0.24783675378319478
74.6580913066864,0.1479999999999997,0.122,6.443835307179587,-0.001,0.0,0.24085543677521748
74.7566180229187,0.1479999999999997,0.122,6.468315307179587,-0.0015,0.0,0.24434609527920614
74.85823941230774,0.1479999999999997,0.122,6.492795307179588,0.0005,0.0,0.24085543677521748
74.95768070220947,0.1479999999999997,0.122,6.512685307179586,0.001,0.0,0.19198621771937624
75.0581784248352,0.1479999999999997,0.121,6.517275307179588,-0.003,0.0,0.05235987755982988
75.15664458274841,0.1479999999999997,0.121,6.517275307179588,0.0005,0.0,-0.003490658503988659
75.25823998451233,0.1479999999999997,0.121,6.517275307179588,-0.0005,0.0,0.0
75.35664200782776,0.1479999999999997,0.121,6.517275307179588,-0.0005,0.0,0.0
75.45845699310303,0.1479999999999997,0.121,6.517275307179588,-0.0005,0.0,0.0
75.55705976486206,0.1479999999999997,0.121,6.517275307179588,0.0,0.0,0.0
75.65824246406555,0.1479999999999997,0.121,6.517275307179588,0.0,0.0,0.0
75.7567367553711,0.1479999999999997,0.121,6.517275307179588,-0.0005,0.0,0.0
75.85861086845398,0.1479999999999997,0.121,6.517275307179588,0.0,0.0,0.0
75.95733499526978,0.1479999999999997,0.121,6.517275307179588,-0.0005,0.0,0.0
76.05884838104248,0.1479999999999997,0.121,6.517275307179588,-0.0005,0.0,0.0
76.15750765800476,0.1479999999999997,0.121,6.517275307179588,-0.0005,0.0,0.0
76.25889658927917,0.1479999999999997,0.121,6.517275307179588,0.0,0.0,0.0
76.35715699195862,0.1479999999999997,0.121,6.517275307179588,0.0,0.0,0.0
76.45857214927673,0.1479999999999997,0.121,6.517275307179588,0.0,0.0,0.0
76.55716323852539,0.1479999999999997,0.121,6.517275307179588,0.0,0.0,0.0
76.6595458984375,0.1479999999999997,0.121,6.517275307179588,0.0,0.0,0.0
76.75773739814758,0.1479999999999997,0.121,6.517275307179588,0.0,0.0,0.0
76.85962796211243,0.1479999999999997,0.121,6.517275307179588,0.0,0.0,0.0
76.95742750167847,0.1479999999999997,0.121,6.517275307179588,0.0,0.0,0.0
77.05908370018005,0.1479999999999997,0.121,6.517275307179588,0.0,0.0,0.0
77.15730381011963,0.1479999999999997,0.121,6.517275307179588,0.0,0.0,0.0
77.25915884971619,0.1479999999999997,0.121,6.517275307179588,0.0,0.0,0.0
77.3574743270874,0.1479999999999997,0.121,6.517275307179588,0.0,0.0,0.0
77.45937943458557,0.1479999999999997,0.121,6.517275307179588,0.0,0.0,0.0
77.55750823020935,0.1479999999999997,0.121,6.517275307179588,0.0,0.0,0.0
77.65908622741699,0.1479999999999997,0.121,6.517275307179588,0.0,0.0,0.0
77.75803184509277,0.1479999999999997,0.121,6.517275307179588,0.0,0.0,0.0
77.8600344657898,0.1479999999999997,0.121,6.517275307179588,0.0,0.0,0.0
77.95792961120605,0.1479999999999997,0.121,6.517275307179588,0.0,0.0,0.0
78.05917835235596,0.1479999999999997,0.121,6.517275307179588,0.0,0.0,0.0
78.15797424316406,0.1479999999999997,0.121,6.517275307179588,0.0,0.0,0.0
78.25962424278259,0.1479999999999997,0.121,6.517275307179588,0.0,0.0,0.0
78.35784816741943,0.1479999999999997,0.121,6.517275307179588,0.0,0.0,0.0
78.4593665599823,0.1479999999999997,0.121,6.517275307179588,0.0,0.0,0.0
78.55784010887146,0.1479999999999997,0.121,6.517275307179588,0.0,0.0,0.0
78.6597261428833,0.1479999999999997,0.121,6.517275307179588,0.0,0.0,0.0
78.758136510849,0.1479999999999997,0.121,6.517275307179588,0.0,0.0,0.0
78.86008906364441,0.1479999999999997,0.121,6.517275307179588,0.0,0.0,0.0
78.95867371559143,0.1479999999999997,0.121,6.517275307179588,0.0,0.0,0.0
79.06008911132812,0.1479999999999997,0.121,6.517275307179588,0.0,0.0,0.0
79.15802836418152,0.1479999999999997,0.121,6.517275307179588,0.0,0.0,0.0
79.25959658622742,0.1479999999999997,0.121,6.517275307179588,0.0,0.0,0.0
79.35806941986084,0.1479999999999997,0.121,6.517275307179588,0.0,0.0,0.0
79.45967054367065,0.1479999999999997,0.121,6.517275307179588,0.0,0.0,0.0
79.55811524391174,0.1479999999999997,0.121,6.517275307179588,0.0,0.0,0.0
79.65972018241882,0.1479999999999997,0.121,6.517275307179588,0.0,0.0,0.0
79.75814461708069,0.1479999999999997,0.121,6.517275307179588,0.0,0.0,0.0
79.85985350608826,0.1479999999999997,0.121,6.517275307179588,0.0,0.0,0.0
79.95849227905273,0.1479999999999997,0.121,6.517275307179588,0.0,0.0,0.0
80.06033492088318,0.1479999999999997,0.121,6.517275307179588,0.0,0.0,0.0
80.15841746330261,0.1479999999999997,0.121,6.517275307179588,0.0,0.0,0.0
80.26017761230469,0.1479999999999997,0.121,6.517275307179588,0.0,0.0,0.0
80.35852146148682,0.1479999999999997,0.121,6.517275307179588,0.0,0.0,0.0
80.46025490760803,0.1479999999999997,0.121,6.517275307179588,0.0,0.0,0.0
80.55863189697266,0.1479999999999997,0.121,6.517275307179588,0.0,0.0,0.0
80.6607711315155,0.1479999999999997,0.121,6.517275307179588,0.0,0.0,0.0
80.75862216949463,0.1479999999999997,0.121,6.517275307179588,0.0,0.0,0.0
80.8605899810791,0.1479999999999997,0.121,6.517275307179588,0.0,0.0,0.0
80.95922183990479,0.1479999999999997,0.121,6.517275307179588,0.0,0.0,0.0
81.06052255630493,0.1479999999999997,0.121,6.517275307179588,0.0,0.0,0.0
81.1592526435852,0.1479999999999997,0.121,6.517275307179588,0.0,0.0,0.0
81.26077246665955,0.1479999999999997,0.121,6.517275307179588,0.0,0.0,0.0
81.3591001033783,0.1479999999999997,0.121,6.517275307179588,0.0,0.0,0.0
81.4609317779541,0.1479999999999997,0.121,6.517275307179588,0.0,0.0,0.0
81.5593032836914,0.1479999999999997,0.121,6.517275307179588,0.0,0.0,0.0
81.66071796417236,0.1479999999999997,0.121,6.517275307179588,0.0,0.0,0.0
81.75917744636536,0.1479999999999997,0.121,6.517275307179588,0.0,0.0,0.0
81.86063885688782,0.1479999999999997,0.121,6.517275307179588,0.0,0.0,0.0
81.95968747138977,0.1479999999999997,0.121,6.517275307179588,0.0,0.0,0.0
82.06081938743591,0.1479999999999997,0.121,6.517275307179588,0.0,0.0,0.0
82.15980243682861,0.1479999999999997,0.121,6.517275307179588,0.0,0.0,0.0
82.26098418235779,0.1479999999999997,0.121,6.517275307179588,0.0,0.0,0.0
82.35994243621826,0.1479999999999997,0.121,6.517275307179588,0.0,0.0,0.0
82.46108293533325,0.1479999999999997,0.121,6.517275307179588,0.0,0.0,0.0
82.55965495109558,0.1479999999999997,0.121,6.517275307179588,0.0,0.0,0.0
82.66157054901123,0.1479999999999997,0.121,6.517275307179588,0.0,0.0,0.0
82.75952577590942,0.1479999999999997,0.121,6.517275307179588,0.0,0.0,0.0
82.86117553710938,0.1479999999999997,0.121,6.517275307179588,0.0,0.0,0.0
82.95964002609253,0.1479999999999997,0.121,6.517275307179588,0.0,0.0,0.0
83.06133818626404,0.1479999999999997,0.121,6.517275307179588,0.0,0.0,0.0
83.15975093841553,0.1479999999999997,0.121,6.517275307179588,0.0,0.0,0.0
83.26171970367432,0.1479999999999997,0.121,6.517275307179588,0.0,0.0,0.0
83.36026906967163,0.1479999999999997,0.121,6.517275307179588,0.0,0.0,0.0
83.46131944656372,0.1479999999999997,0.121,6.517275307179588,0.0,0.0,0.0
83.55982851982117,0.1479999999999997,0.121,6.517275307179588,0.0,0.0,0.0
83.66145634651184,0.1479999999999997,0.121,6.517275307179588,0.0,0.0,0.0
83.75973176956177,0.1479999999999997,0.121,6.517275307179588,0.0,0.0,0.0
